publisher,genre,sum(global_sales)
Electronic Arts,Sports,482.16
Nintendo,Platformer,425.94
Activision,Shooter,306.84
Nintendo,Role-Playing,292.1
Nintendo,Sports,217.04
Take-Two Interactive,Action,213.71
Nintendo,Misc,179.93
Electronic Arts,Shooter,166.15
Nintendo,Racing,151.3
Electronic Arts,Racing,144.77
Ubisoft,Action,143.75
Activision,Action,140.41
Nintendo,Action,127.84
Nintendo,Puzzle,124.26
Warner Bros. Interactive Entertainment,Action,116.88
Electronic Arts,Action,114.42
Sony Computer Entertainment,Racing,109.96
Sony Computer Entertainment,Platformer,103.78
Konami Digital Entertainment,Sports,98.98
Microsoft Game Studios,Shooter,97.15
Square Enix,Role-Playing,96.9
Ubisoft,Misc,95.8
Sony Computer Entertainment,Action,94.19
Electronic Arts,Simulation,88.77
THQ,Action,88.59
Nintendo,Simulation,85.15
Capcom,Action,85.06
Sony Computer Entertainment,Misc,80.52
Take-Two Interactive,Sports,78.85
Activision,Misc,75.86
Activision,Sports,75.74
THQ,Fighting,72.55
Sega,Sports,71.01
Konami Digital Entertainment,Action,70.72
Nintendo,Shooter,69.46
Ubisoft,Shooter,67.63
Eidos Interactive,Action,65.4
Namco Bandai Games,Fighting,61.1
LucasArts,Action,60.63
Sega,Platformer,60.28
Sony Computer Entertainment,Sports,59.52
Sony Computer Entertainment,Shooter,58.35
Bethesda Softworks,Role-Playing,56.269999999999996
Namco Bandai Games,Role-Playing,54.24
Take-Two Interactive,Shooter,54.12
Nintendo,Fighting,53.08
SquareSoft,Role-Playing,52.59
Disney Interactive Studios,Action,50.87
Microsoft Game Studios,Misc,47.5
Activision,Role-Playing,46.6
Ubisoft,Simulation,44.08
Sony Computer Entertainment,Role-Playing,43.79
THQ,Platformer,40.95
THQ,Racing,39.97
Namco Bandai Games,Action,37.47
Nintendo,Adventure,35.44
Electronic Arts,Role-Playing,35.04
Codemasters,Racing,34.14
Activision,Platformer,33.69
Microsoft Game Studios,Racing,33.63
Capcom,Fighting,32.9
Capcom,Role-Playing,32.57
Enix Corporation,Role-Playing,32.410000000000004
Konami Digital Entertainment,Simulation,32.14
Sega,Action,31.79
Electronic Arts,Fighting,31.29
Namco Bandai Games,Misc,29.38
Tecmo Koei,Action,29.02
Square Enix,Action,28.72
Sony Computer Entertainment,Fighting,28.11
Nintendo,Strategy,27.27
Atari,Action,26.6
Atari,Fighting,25.9
Electronic Arts,Misc,24.61
Disney Interactive Studios,Misc,24.57
Ubisoft,Sports,23.82
THQ,Misc,23.24
Atari,Shooter,22.68
Capcom,Platformer,22.54
Ubisoft,Adventure,22.12
505 Games,Simulation,21.94
Atari,Puzzle,21.58
Sega,Racing,21.31
Take-Two Interactive,Racing,21.23
MTV Games,Misc,20.72
Ubisoft,Platformer,20.59
Microsoft Game Studios,Role-Playing,20.41
Virgin Interactive,Action,20.35
Sega,Misc,20.07
THQ,Adventure,19.84
Namco Bandai Games,Sports,19.04
Konami Digital Entertainment,Misc,18.44
Acclaim Entertainment,Sports,18.07
Midway Games,Sports,17.94
Activision,Strategy,17.54
Disney Interactive Studios,Adventure,17.47
Activision,Racing,17.13
LucasArts,Shooter,16.94
Vivendi Games,Platformer,16.94
Acclaim Entertainment,Fighting,16.81
Ubisoft,Role-Playing,16.58
Midway Games,Fighting,16.46
Sega,Shooter,16.32
Ubisoft,Racing,15.64
THQ,Shooter,14.81
Acclaim Entertainment,Racing,14.72
Konami Digital Entertainment,Platformer,14.69
Sega,Role-Playing,14.63
Microsoft Game Studios,Sports,14.58
Sega,Fighting,14.56
505 Games,Sports,14.42
Electronic Arts,Strategy,14
Konami Digital Entertainment,Role-Playing,13.71
Bethesda Softworks,Shooter,13.6
Sony Computer Entertainment,Adventure,13.59
Warner Bros. Interactive Entertainment,Fighting,13.59
Deep Silver,Action,13.17
THQ,Sports,13.1
Atari,Racing,12.67
Microsoft Game Studios,Action,12.56
Vivendi Games,Action,12.54
Microsoft Game Studios,Simulation,12.45
Atari,Sports,12.44
Namco Bandai Games,Strategy,12.01
Universal Interactive,Platformer,11.95
Vivendi Games,Shooter,11.65
Vivendi Games,Racing,11.26
Capcom,Shooter,11.1
Konami Digital Entertainment,Strategy,10.93
Bethesda Softworks,Action,10.5
Take-Two Interactive,Misc,10.42
Namco Bandai Games,Simulation,10.4
Nippon Ichi Software,Role-Playing,10.2
Banpresto,Strategy,10.18
Atlus,Role-Playing,10.12
Capcom,Adventure,9.85
Namco Bandai Games,Shooter,9.84
D3Publisher,Action,9.78
Disney Interactive Studios,Platformer,9.61
Konami Digital Entertainment,Adventure,9.55
Midway Games,Misc,9.53
Konami Digital Entertainment,Shooter,9.45
THQ,Puzzle,9.15
989 Studios,Sports,8.97
GT Interactive,Action,8.879999999999999
Disney Interactive Studios,Racing,8.870000000000001
RedOctane,Misc,8.68
Sony Computer Entertainment,Simulation,8.65
Ubisoft,Strategy,8.33
Activision,Simulation,8.1
Eidos Interactive,Shooter,8.05
Atari,Role-Playing,8.02
Virgin Interactive,Fighting,7.98
N/A,Misc,7.8100000000000005
THQ,Simulation,7.75
Take-Two Interactive,Strategy,7.6899999999999995
Atari,Platformer,7.45
Take-Two Interactive,Adventure,7.44
Sega,Adventure,7.41
THQ,Strategy,7.36
Midway Games,Action,7.34
Square Enix,Shooter,7.3
Atari,Misc,7.23
ASCII Entertainment,Sports,7.08
Ubisoft,Fighting,7.03
Namco Bandai Games,Racing,6.970000000000001
Sega,Strategy,6.87
GT Interactive,Fighting,6.84
Tecmo Koei,Role-Playing,6.83
Hasbro Interactive,Misc,6.8
Hudson Soft,Puzzle,6.61
Sony Computer Entertainment Europe,Misc,6.5600000000000005
Electronic Arts,Platformer,6.56
Midway Games,Racing,6.56
Unknown,Sports,6.53
Warner Bros. Interactive Entertainment,Puzzle,6.48
Unknown,Misc,6.45
Acclaim Entertainment,Shooter,6.41
3DO,Action,6.28
Ubisoft,Puzzle,6.24
Activision Value,Sports,6.13
Eidos Interactive,Strategy,6.109999999999999
Namco Bandai Games,Puzzle,6.08
Take-Two Interactive,Role-Playing,6.05
Mindscape,Misc,5.95
Sony Computer Entertainment Europe,Action,5.87
Empire Interactive,Racing,5.72
Level 5,Role-Playing,5.69
Rising Star Games,Role-Playing,5.65
Tecmo Koei,Strategy,5.63
Midway Games,Shooter,5.609999999999999
Hasbro Interactive,Action,5.59
505 Games,Shooter,5.49
Warner Bros. Interactive Entertainment,Misc,5.46
Activision,Adventure,5.33
Unknown,Role-Playing,5.26
Namco Bandai Games,Adventure,5.24
Red Orb,Adventure,5.24
Level 5,Action,4.92
Sony Computer Entertainment Europe,Simulation,4.88
Hudson Soft,Misc,4.87
Atari,Simulation,4.86
Codemasters,Shooter,4.8
Electronic Arts,Adventure,4.69
Virgin Interactive,Strategy,4.67
Global Star,Sports,4.59
Electronic Arts,Puzzle,4.5
Unknown,Racing,4.5
Imagic,Shooter,4.45
505 Games,Misc,4.430000000000001
Rising Star Games,Simulation,4.42
Fox Interactive,Platformer,4.29
Unknown,Action,4.29
Virgin Interactive,Shooter,4.27
Microsoft Game Studios,Strategy,4.26
Palcom,Action,4.17
Psygnosis,Racing,4.13
LucasArts,Simulation,4.11
Tomy Corporation,Fighting,4.11
Eidos Interactive,Racing,3.9899999999999998
Tecmo Koei,Sports,3.94
Square Enix,Adventure,3.9299999999999997
Focus Home Interactive,Simulation,3.89
Eidos Interactive,Sports,3.87
Atari,Strategy,3.86
Parker Bros.,Action,3.85
Tecmo Koei,Fighting,3.8
Infogrames,Misc,3.73
Sony Computer Entertainment,Puzzle,3.7
Universal Interactive,Action,3.68
Infogrames,Racing,3.67
D3Publisher,Misc,3.66
Warner Bros. Interactive Entertainment,Shooter,3.65
Spike,Sports,3.6
Majesco Entertainment,Sports,3.58
Sega,Simulation,3.57
Atari,Adventure,3.54
Eidos Interactive,Role-Playing,3.5100000000000002
Square,Role-Playing,3.48
Virgin Interactive,Platformer,3.48
Maxis,Simulation,3.39
Ubisoft Annecy,Action,3.37
Sony Online Entertainment,Role-Playing,3.35
Take-Two Interactive,Platformer,3.29
City Interactive,Shooter,3.26
Zoo Digital Publishing,Racing,3.22
N/A,Fighting,3.21
Valve Software,Shooter,3.2
Square Enix,Fighting,3.17
Zoo Digital Publishing,Sports,3.17
GT Interactive,Shooter,3.16
Codemasters,Sports,3.1
505 Games,Action,3.09
Midway Games,Puzzle,3.03
Nordic Games,Misc,2.97
Majesco Entertainment,Action,2.92
PQube,Fighting,2.92
Koch Media,Action,2.91
Mojang,Adventure,2.91
SCi,Shooter,2.89
Deep Silver,Role-Playing,2.87
Activision,Fighting,2.86
Namco Bandai Games,Platformer,2.85
D3Publisher,Shooter,2.81
GungHo,Role-Playing,2.81
Sony Computer Entertainment Europe,Platformer,2.7800000000000002
Hudson Soft,Platformer,2.77
Eidos Interactive,Fighting,2.73
Hudson Soft,Sports,2.72
Warner Bros. Interactive Entertainment,Strategy,2.7
Arena Entertainment,Fighting,2.67
Majesco Entertainment,Misc,2.64
989 Studios,Action,2.63
Banpresto,Role-Playing,2.62
SNK,Fighting,2.5900000000000003
Crave Entertainment,Misc,2.59
Telltale Games,Adventure,2.56
Zoo Games,Misc,2.5500000000000003
Disney Interactive Studios,Puzzle,2.54
GT Interactive,Platformer,2.54
Zoo Digital Publishing,Misc,2.54
Sega,Puzzle,2.53
TDK Mediactive,Platformer,2.5100000000000002
Sony Computer Entertainment Europe,Adventure,2.48
Oxygen Interactive,Misc,2.47
Microsoft Game Studios,Fighting,2.44
Compile,Puzzle,2.4299999999999997
Acclaim Entertainment,NA,2.42
Idea Factory,Adventure,2.42
JVC,Puzzle,2.4
Capcom,Racing,2.37
505 Games,Puzzle,2.35
Acclaim Entertainment,Platformer,2.3400000000000003
Ghostlight,Role-Playing,2.34
Bethesda Softworks,Sports,2.33
TDK Mediactive,Racing,2.3200000000000003
Sony Computer Entertainment,Strategy,2.32
D3Publisher,Platformer,2.31
NCSoft,Action,2.31
Red Storm Entertainment,Shooter,2.28
Ignition Entertainment,Fighting,2.25
UEP Systems,Sports,2.25
Alchemist,Adventure,2.16
Fox Interactive,Shooter,2.14
Infogrames,Role-Playing,2.14
Natsume,Sports,2.11
Tecmo Koei,Simulation,2.11
Infogrames,Shooter,2.1
ChunSoft,Adventure,2.09
Rising Star Games,Misc,2.09
Unknown,Puzzle,2.06
Arena Entertainment,Sports,2.05
GT Interactive,Racing,2.02
LucasArts,Adventure,2.01
Video System,Racing,1.9900000000000002
Banpresto,Puzzle,1.97
Deep Silver,Sports,1.96
Majesco Entertainment,Simulation,1.96
Capcom,Misc,1.94
Bethesda Softworks,Racing,1.9300000000000002
ChunSoft,Role-Playing,1.87
Focus Home Interactive,Adventure,1.87
Hudson Soft,Role-Playing,1.86
RTL,Sports,1.86
Square Enix,Strategy,1.85
Takara,Fighting,1.8
SquareSoft,Strategy,1.79
SouthPeak Games,Racing,1.7899999999999998
Kadokawa Shoten,Role-Playing,1.78
D3Publisher,Puzzle,1.75
Midway Games,Platformer,1.74
20th Century Fox Video Games,Action,1.7200000000000002
989 Studios,Racing,1.72
Konami Digital Entertainment,Fighting,1.72
Taito,Simulation,1.72
Black Bean Games,Racing,1.71
Hello Games,Action,1.7
Kadokawa Shoten,Adventure,1.7
Valve,Shooter,1.7
Avanquest,Puzzle,1.69
Codemasters,Misc,1.69
Unknown,Shooter,1.68
Play It,Misc,1.67
Sammy Corporation,Misc,1.67
Crave Entertainment,Racing,1.65
Microsoft Game Studios,Platformer,1.6300000000000001
Deep Silver,Simulation,1.6199999999999999
Ocean,Action,1.6199999999999999
Deep Silver,Adventure,1.6099999999999999
Microsoft Game Studios,Adventure,1.6099999999999999
Rising Star Games,Action,1.59
N/A,Sports,1.58
Virgin Interactive,Role-Playing,1.58
3DO,Sports,1.57
Gotham Games,Shooter,1.57
GSP,Adventure,1.56
Square Enix,Misc,1.56
Mastiff,Sports,1.55
SquareSoft,Fighting,1.55
Vivendi Games,Misc,1.55
Westwood Studios,Strategy,1.55
Marvelous Interactive,Role-Playing,1.54
Vivendi Games,Adventure,1.54
Acclaim Entertainment,Action,1.53
Avanquest Software,Adventure,1.52
Empire Interactive,Puzzle,1.52
Play It,Racing,1.52
Warner Bros. Interactive Entertainment,Platformer,1.52
Mattel Interactive,Action,1.51
Unknown,Simulation,1.49
Empire Interactive,Shooter,1.48
Slightly Mad Studios,Racing,1.48
LucasArts,Strategy,1.47
Coleco,Platformer,1.46
Human Entertainment,Fighting,1.46
GSP,Misc,1.4400000000000002
Disney Interactive Studios,Role-Playing,1.44
Touchstone,Action,1.43
Marvelous Entertainment,Action,1.4200000000000002
Hudson Soft,Action,1.42
Tigervision,Action,1.42
Ignition Entertainment,Puzzle,1.4100000000000001
Codemasters,Action,1.41
Focus Home Interactive,Role-Playing,1.4000000000000001
Eidos Interactive,Platformer,1.3800000000000001
Interplay,Action,1.38
5pb,Adventure,1.37
Koch Media,Simulation,1.3599999999999999
Acclaim Entertainment,Puzzle,1.35
Imagineer,Role-Playing,1.33
Zoo Digital Publishing,Puzzle,1.33
Square Enix,Simulation,1.32
ASC Games,Racing,1.31
Genki,Racing,1.31
Nobilis,Simulation,1.31
Accolade,Racing,1.3
Global Star,Adventure,1.3
Game Factory,Simulation,1.29
Kalypso Media,Strategy,1.29
Konami Digital Entertainment,Racing,1.27
SouthPeak Games,Role-Playing,1.27
Coleco,Action,1.26
Infogrames,Platformer,1.26
Infogrames,Sports,1.26
Psygnosis,Action,1.26
Sony Computer Entertainment America,Sports,1.26
Acclaim Entertainment,Adventure,1.24
Pinnacle,Misc,1.24
Scholastic Inc.,Adventure,1.24
Hudson Soft,Shooter,1.23
LEGO Media,Racing,1.21
Black Label Games,Action,1.2
Microprose,Strategy,1.2
Milestone S.r.l.,Racing,1.2
Nippon Ichi Software,Action,1.2
Acclaim Entertainment,Misc,1.19
Aruze Corp,Misc,1.1800000000000002
Atlus,Fighting,1.18
505 Games,Role-Playing,1.1700000000000002
Falcom Corporation,Role-Playing,1.17
Majesco Entertainment,Puzzle,1.16
Metro 3D,Simulation,1.16
Unknown,Adventure,1.16
Rocket Company,Misc,1.1500000000000001
Crave Entertainment,Sports,1.15
Success,Shooter,1.15
Crave Entertainment,Role-Playing,1.1400000000000001
TDK Mediactive,Action,1.1300000000000001
THQ,Role-Playing,1.1300000000000001
Trion Worlds,Shooter,1.13
Hasbro Interactive,Puzzle,1.12
Russel,Sports,1.12
Scholastic Inc.,Puzzle,1.1199999999999999
DTP Entertainment,Sports,1.11
Jester Interactive,Racing,1.1099999999999999
Eidos Interactive,Misc,1.1
Enterbrain,Sports,1.1
Mastertronic,Strategy,1.1
Midway Games,Role-Playing,1.1
Rage Software,Fighting,1.1
BAM! Entertainment,Action,1.09
Compile Heart,Role-Playing,1.09
Level 5,Puzzle,1.09
ASCII Entertainment,Racing,1.08
Agetec,Sports,1.08
Crave Entertainment,Action,1.08
Rondomedia,Puzzle,1.07
Storm City Games,Puzzle,1.07
Titus,Simulation,1.07
Activision,Puzzle,1.06
Vivendi Games,Role-Playing,1.06
Takara Tomy,Fighting,1.05
Xplosiv,Racing,1.05
TDK Mediactive,Shooter,1.04
Mentor Interactive,Misc,1.03
Hudson Soft,Simulation,1.02
Interplay,Misc,1.02
Destineer,Simulation,1.01
Tecmo Koei,Adventure,1.01
Deep Silver,Puzzle,0.9900000000000001
Gust,Role-Playing,0.99
Spike,Action,0.9800000000000001
Gotham Games,Fighting,0.97
Rising Star Games,Puzzle,0.97
Eidos Interactive,Simulation,0.9600000000000001
Warner Bros. Interactive Entertainment,Racing,0.9500000000000001
Jorudan,Simulation,0.95
Kemco,Racing,0.95
XS Games,Sports,0.95
IE Institute,Misc,0.9400000000000001
Disney Interactive Studios,Sports,0.94
GT Interactive,Misc,0.94
Midas Interactive Entertainment,Sports,0.9299999999999999
Black Bean Games,Sports,0.92
NewKidCo,Misc,0.9199999999999999
ASCII Entertainment,Role-Playing,0.91
Hasbro Interactive,Platformer,0.91
Majesco Entertainment,Adventure,0.9
Majesco Entertainment,Racing,0.89
SouthPeak Games,Shooter,0.89
Takara,Misc,0.89
Take-Two Interactive,Simulation,0.89
CTO SpA,Shooter,0.88
Deep Silver,Strategy,0.88
Kalypso Media,Simulation,0.88
SouthPeak Games,Action,0.88
505 Games,Fighting,0.87
BAM! Entertainment,Shooter,0.87
Crystal Dynamics,Platformer,0.87
Eidos Interactive,Puzzle,0.87
Quelle,Misc,0.87
TalonSoft,Shooter,0.87
"mixi, Inc",Action,0.87
BMG Interactive Entertainment,Platformer,0.86
Game Factory,Adventure,0.86
Harmonix Music Systems,Misc,0.85
Psygnosis,Simulation,0.85
Zushi Games,Sports,0.85
Laguna,Platformer,0.8400000000000001
Brash Entertainment,Platformer,0.84
Destineer,Sports,0.83
Interplay,Adventure,0.83
PQube,Action,0.83
Nippon Ichi Software,Misc,0.8200000000000001
NovaLogic,Shooter,0.8200000000000001
Mystique,Action,0.82
N/A,Action,0.82
Little Orbit,Adventure,0.81
From Software,Simulation,0.8
Little Orbit,Action,0.8
Sony Computer Entertainment Europe,Shooter,0.8
Square EA,Role-Playing,0.8
System 3 Arcade Software,Racing,0.8
Arc System Works,Fighting,0.79
BAM! Entertainment,Adventure,0.79
Big Ben Interactive,Sports,0.79
Capcom,Puzzle,0.79
GameMill Entertainment,Misc,0.79
Hudson Entertainment,Simulation,0.79
Jaleco,Sports,0.79
Konami Digital Entertainment,Puzzle,0.79
Ocean,Platformer,0.79
BAM! Entertainment,Racing,0.78
Codemasters,Adventure,0.78
Disney Interactive Studios,Simulation,0.78
Telegames,Misc,0.78
Universal Interactive,Shooter,0.78
Virgin Interactive,Adventure,0.78
GT Interactive,Sports,0.7799999999999999
3DO,Shooter,0.77
Aqua Plus,Adventure,0.77
Empire Interactive,Misc,0.77
Enterbrain,Role-Playing,0.77
Infogrames,Action,0.77
Men-A-Vision,Action,0.77
PopCap Games,Puzzle,0.77
Ubisoft Annecy,Fighting,0.77
Zoo Digital Publishing,Action,0.77
BAM! Entertainment,Platformer,0.76
D3Publisher,Adventure,0.76
D3Publisher,Sports,0.76
Gotham Games,Platformer,0.76
Marvelous Interactive,Action,0.76
Natsume,Simulation,0.76
Titus,Racing,0.75
Xseed Games,Role-Playing,0.75
505 Games,Adventure,0.74
Destineer,Action,0.74
Ignition Entertainment,Action,0.74
Gamebridge,Action,0.73
Majesco Entertainment,Shooter,0.73
Interplay,Role-Playing,0.7200000000000001
Infogrames,Adventure,0.72
Marvelous Interactive,Simulation,0.7100000000000001
ASCII Entertainment,Adventure,0.71
Data Age,Action,0.71
Quest,Role-Playing,0.71
Rising Star Games,Fighting,0.71
System 3 Arcade Software,Misc,0.71
SNK Playmore,Fighting,0.7000000000000001
Banpresto,Simulation,0.7
Illusion Softworks,Action,0.7
D3Publisher,Role-Playing,0.6900000000000001
Deep Silver,Misc,0.6900000000000001
Crave Entertainment,Puzzle,0.69
Interplay,Platformer,0.69
Nordic Games,Action,0.69
Eidos Interactive,Adventure,0.68
Empire Interactive,Action,0.68
Playlogic Game Factory,Action,0.68
Titus,Fighting,0.6799999999999999
Home Entertainment Suppliers,Sports,0.67
Idea Factory,Action,0.67
Imagineer,Sports,0.67
Interplay,Sports,0.67
ASC Games,Sports,0.66
Activision Value,Shooter,0.66
DTP Entertainment,Role-Playing,0.66
Funbox Media,Misc,0.66
Interplay,Shooter,0.66
SquareSoft,Sports,0.66
Banpresto,Adventure,0.64
Epoch,Sports,0.64
Rondomedia,Action,0.64
Sting,Role-Playing,0.64
Idea Factory,Role-Playing,0.63
Kemco,Action,0.63
TDK Mediactive,Sports,0.63
Universal Gamex,Action,0.63
Bigben Interactive,Sports,0.62
D3Publisher,Racing,0.62
Deep Silver,Racing,0.62
Destineer,Misc,0.62
Nippon Ichi Software,Fighting,0.62
Play It,Sports,0.62
Takara,Racing,0.62
UFO Interactive,Misc,0.62
Wizard Video Games,Action,0.62
Zoo Games,Racing,0.62
Acquire,Role-Playing,0.61
Deep Silver,Shooter,0.61
Midas Interactive Entertainment,Racing,0.61
Sammy Corporation,Fighting,0.61
Taito,Shooter,0.61
Vivendi Games,Strategy,0.61
Wanadoo,Action,0.6000000000000001
Hudson Entertainment,Misc,0.6
Midas Interactive Entertainment,Shooter,0.6
Prototype,Adventure,0.6
Zoo Digital Publishing,Shooter,0.6
Spike,Role-Playing,0.5900000000000001
Enix Corporation,Simulation,0.59
Mattel Interactive,Puzzle,0.59
Square Enix,Puzzle,0.59
Takara Tomy,Action,0.59
Mindscape,Strategy,0.58
Parker Bros.,Puzzle,0.58
Avanquest,Misc,0.5700000000000001
Banpresto,Sports,0.5700000000000001
Spike,Misc,0.57
Titus,Action,0.57
Gathering of Developers,Racing,0.56
Hasbro Interactive,Racing,0.56
Universal Interactive,Misc,0.56
Warner Bros. Interactive Entertainment,Adventure,0.56
3DO,Fighting,0.55
Enix Corporation,Misc,0.55
Global Star,Shooter,0.55
Infogrames,Fighting,0.55
Microprose,Misc,0.55
Mud Duck Productions,Misc,0.55
Screenlife,Action,0.55
TDK Mediactive,Misc,0.5499999999999999
505 Games,Platformer,0.54
CPG Products,Action,0.54
Mumbo Jumbo,Puzzle,0.54
Nippon Columbia,Action,0.54
Parker Bros.,Platformer,0.54
City Interactive,Adventure,0.53
Destineer,Puzzle,0.53
From Software,Role-Playing,0.53
Ignition Entertainment,Racing,0.53
Unknown,Platformer,0.53
FuRyu,Role-Playing,0.52
Ignition Entertainment,Shooter,0.52
Starfish,Sports,0.52
Victor Interactive,Sports,0.52
Ackkstudios,Action,0.51
FuRyu,Action,0.51
NEC Interchannel,Adventure,0.51
Nippon Ichi Software,Adventure,0.51
PopCap Games,Strategy,0.51
Rondomedia,Simulation,0.51
Answer Software,Action,0.5
DTP Entertainment,Action,0.5
Game Factory,Puzzle,0.5
Hect,Simulation,0.5
Vivendi Games,Fighting,0.5
Gremlin Interactive Ltd,Sports,0.49000000000000005
Fox Interactive,Action,0.49
Marvelous Interactive,Adventure,0.49
Rebellion,Racing,0.49
Rising Star Games,Strategy,0.49
Universal Interactive,Sports,0.49
Human Entertainment,Sports,0.48
N/A,Platformer,0.48
Pack In Soft,Simulation,0.48
Codemasters,Strategy,0.47000000000000003
PQube,Adventure,0.47000000000000003
Play It,Shooter,0.47000000000000003
Zoo Games,Shooter,0.47000000000000003
Activision Blizzard,Action,0.47
Empire Interactive,Fighting,0.47
Fox Interactive,Sports,0.47
LucasArts,Racing,0.47
Mattel Interactive,Sports,0.47
Ultravision,Fighting,0.47
Crave Entertainment,Fighting,0.46
Ignition Entertainment,Misc,0.46
Jaleco,Racing,0.46
SCi,Action,0.46
Zoo Games,Sports,0.46
Avanquest,Action,0.45
SouthPeak Games,Simulation,0.45
Capcom,Sports,0.44999999999999996
Nippon Columbia,Misc,0.44000000000000006
Codemasters,Simulation,0.44
Crystal Dynamics,Role-Playing,0.44
JoWood Productions,Role-Playing,0.44
Knowledge Adventure,Misc,0.44
SquareSoft,Racing,0.44
Tecmo Koei,Racing,0.44
Broccoli,Adventure,0.43
Focus Home Interactive,Puzzle,0.43
Oxygen Interactive,Sports,0.43
Tetris Online,Puzzle,0.43
ASCII Entertainment,Misc,0.42000000000000004
DTP Entertainment,Adventure,0.42000000000000004
ESP,Role-Playing,0.42
Global Star,Racing,0.42
Gotham Games,Sports,0.42
Psygnosis,Adventure,0.42
TYO,Racing,0.42
Game Factory,Misc,0.41000000000000003
Asylum Entertainment,Adventure,0.41
Knowledge Adventure,Adventure,0.41
Magical Company,Sports,0.41
Pioneer LDC,Racing,0.41
XS Games,Racing,0.41
Imagineer,Adventure,0.4
Jack of All Games,Platformer,0.4
Mindscape,Puzzle,0.4
NCS,Strategy,0.4
Success,Role-Playing,0.4
Brash Entertainment,Misc,0.39
"Destination Software, Inc",Racing,0.39
Majesco Entertainment,Platformer,0.39
Mastiff,Shooter,0.39
Mattel Interactive,Racing,0.39
Paradox Interactive,Strategy,0.39
Seta Corporation,Misc,0.39
Takara Tomy,Role-Playing,0.39
989 Sports,Sports,0.38
Electronic Arts Victor,Sports,0.38
Human Entertainment,Racing,0.38
Nihon Falcom Corporation,Action,0.38
Sammy Corporation,Simulation,0.38
Tecmo Koei,Misc,0.38
Zoo Digital Publishing,Adventure,0.38
bitComposer Games,Simulation,0.38
ASCII Entertainment,Strategy,0.37
Codemasters,Role-Playing,0.37
Conspiracy Entertainment,Action,0.37
Focus Home Interactive,Sports,0.37
Imagic,Action,0.37
Interplay,Racing,0.37
Knowledge Adventure,Sports,0.37
P2 Games,Misc,0.37
TDK Core,Action,0.37
Tomy Corporation,Action,0.37
Rising Star Games,Shooter,0.36000000000000004
ArtDink,Strategy,0.36
Astragon,Adventure,0.36
Atlus,Sports,0.36
Elf,Adventure,0.36
Focus Home Interactive,Racing,0.36
Laguna,Role-Playing,0.36
Media Rings,Sports,0.36
Midway Games,Adventure,0.36
Mindscape,Action,0.36
New,Fighting,0.36
Rocket Company,Role-Playing,0.36
Scholastic Inc.,Action,0.36
Zushi Games,Shooter,0.36
3DO,Adventure,0.35000000000000003
O-Games,Sports,0.35000000000000003
Takara Tomy,Misc,0.35000000000000003
Xplosiv,Puzzle,0.35000000000000003
BAM! Entertainment,Sports,0.35
Game Factory,Action,0.35
Ignition Entertainment,Role-Playing,0.35
Laguna,Action,0.35
Magix,Misc,0.35
Nihon Falcom Corporation,Role-Playing,0.35
Nobilis,Misc,0.35
Ocean,Racing,0.35
Performance Designed Products,Puzzle,0.35
AQ Interactive,Misc,0.34
Coleco,Shooter,0.34
ITT Family Games,Action,0.34
Shogakukan,Misc,0.34
Benesse,Misc,0.33
Hip Interactive,Action,0.33
Pioneer LDC,Adventure,0.33
Starpath Corp.,Action,0.33
Zoo Digital Publishing,Platformer,0.33
ASCII Entertainment,Simulation,0.32
BPS,Puzzle,0.32
City Interactive,Action,0.32
Destineer,Racing,0.32
Foreign Media Games,Puzzle,0.32
Human Entertainment,Simulation,0.32
Yacht Club Games,Platformer,0.32
Mattel Interactive,Adventure,0.31000000000000005
Agetec,Simulation,0.31
CBS Electronics,Action,0.31
CokeM Interactive,Action,0.31
D3Publisher,Simulation,0.31
Hackberry,Misc,0.31
Rebellion Developments,Shooter,0.31
SquareSoft,Shooter,0.31
SquareSoft,Simulation,0.31
Universal Interactive,Fighting,0.31
Victor Interactive,Simulation,0.31
Banpresto,Action,0.30000000000000004
Capcom,Strategy,0.3
Crave Entertainment,Platformer,0.3
GameMill Entertainment,Action,0.3
Idea Factory International,Action,0.3
Marvelous Interactive,Fighting,0.3
Mud Duck Productions,Sports,0.3
Natsume,Role-Playing,0.3
GSP,Puzzle,0.29000000000000004
Global Star,Platformer,0.29000000000000004
Human Entertainment,Adventure,0.29000000000000004
NEC,Role-Playing,0.29000000000000004
Screenlife,Role-Playing,0.29000000000000004
Angel Studios,Role-Playing,0.29
Black Bean Games,Misc,0.29
Marvelous Entertainment,Fighting,0.29
N/A,Strategy,0.29
Tecmo Koei,Shooter,0.29
Wargaming.net,Shooter,0.29
Broccoli,Action,0.28
Crave Entertainment,Simulation,0.28
Disney Interactive Studios,Shooter,0.28
Elf,Strategy,0.28
Hamster Corporation,Action,0.28
Majesco Entertainment,Fighting,0.28
Marvelous Entertainment,Role-Playing,0.28
Nichibutsu,Misc,0.28
O-Games,Misc,0.28
Ocean,Sports,0.28
Playmates,Racing,0.28
U.S. Gold,Sports,0.28
Daedalic,Adventure,0.27999999999999997
Gathering of Developers,Shooter,0.27999999999999997
Unknown,Fighting,0.27999999999999997
Jaleco,Strategy,0.27
Kadokawa Games,Action,0.27
Microprose,Simulation,0.27
N/A,Adventure,0.27
NCSoft,Role-Playing,0.27
O-Games,Puzzle,0.27
Storm City Games,Racing,0.27
Vic Tokai,Fighting,0.27
Virgin Interactive,Simulation,0.27
Zoo Digital Publishing,Fighting,0.27
Acclaim Entertainment,Role-Playing,0.26
Blast! Entertainment Ltd,Action,0.26
Indie Games,Simulation,0.26
JoWood Productions,Adventure,0.26
Level 5,Sports,0.26
Liquid Games,Racing,0.26
Mastertronic,Puzzle,0.26
NewKidCo,Adventure,0.26
Nippon Telenet,Misc,0.26
Pacific Century Cyber Works,Misc,0.26
Paradox Interactive,Simulation,0.26
The Adventure Company,Adventure,0.26
Virgin Interactive,Puzzle,0.26
Zoo Games,Action,0.26
3DO,Role-Playing,0.25
Arc System Works,Sports,0.25
Axela,Sports,0.25
Banpresto,Fighting,0.25
D3Publisher,Fighting,0.25
DSI Games,Misc,0.25
DTP Entertainment,Misc,0.25
Deep Silver,Fighting,0.25
Empire Interactive,Simulation,0.25
Enterbrain,Adventure,0.25
GSP,Simulation,0.25
Nippon Ichi Software,Platformer,0.25
Paon,Misc,0.25
Spike,Fighting,0.25
Sunsoft,Shooter,0.25
ArtDink,Role-Playing,0.24000000000000002
Hudson Soft,Adventure,0.24000000000000002
PlayV,Puzzle,0.24000000000000002
Tomy Corporation,Role-Playing,0.24000000000000002
Arc System Works,Adventure,0.24
FuRyu,Misc,0.24
Hasbro Interactive,Shooter,0.24
Knowledge Adventure,Action,0.24
MTO,Simulation,0.24
Mattel Interactive,Shooter,0.24
N/A,Simulation,0.24
PopCap Games,Adventure,0.24
Taito,Action,0.24
ValuSoft,Racing,0.24
Xing Entertainment,Fighting,0.24
Aksys Games,Role-Playing,0.23
American Softworks,Action,0.23
Crave Entertainment,Shooter,0.23
DreamCatcher Interactive,Simulation,0.23
GungHo,Action,0.23
Ignition Entertainment,Sports,0.23
Majesco Entertainment,Strategy,0.23
Microids,Adventure,0.23
Nordic Games,Racing,0.23
Ocean,Shooter,0.23
Psygnosis,Role-Playing,0.23
Rising Star Games,Sports,0.23
UFO Interactive,Puzzle,0.23
Acclaim Entertainment,Strategy,0.22999999999999998
Agetec,Action,0.22999999999999998
Bethesda Softworks,Strategy,0.22999999999999998
Daito,Misc,0.22999999999999998
Acquire,Adventure,0.22000000000000003
The Adventure Company,Puzzle,0.22000000000000003
Xplosiv,Misc,0.22000000000000003
Zoo Games,Puzzle,0.22000000000000003
20th Century Fox Video Games,Shooter,0.22
Asgard,Misc,0.22
Bomb,Action,0.22
Detn8 Games,Sports,0.22
Marvelous Interactive,Sports,0.22
Nordcurrent,Misc,0.22
Ocean,Fighting,0.22
TDK Core,Misc,0.22
Vatical Entertainment,Racing,0.22
ASCII Media Works,Adventure,0.21000000000000002
DreamCatcher Interactive,Misc,0.21000000000000002
Popcorn Arcade,Puzzle,0.21000000000000002
SouthPeak Games,Fighting,0.21000000000000002
Sunsoft,Role-Playing,0.21000000000000002
Epoch,Platformer,0.21
Ghostlight,Sports,0.21
Ghostlight,Strategy,0.21
Interplay,Fighting,0.21
Metro 3D,Racing,0.21
On Demand,Role-Playing,0.21
Sears,Puzzle,0.21
Seta Corporation,Role-Playing,0.21
Yeti,Adventure,0.21
505 Games,Strategy,0.2
Agatsuma Entertainment,Action,0.2
Aspyr,Simulation,0.2
BAM! Entertainment,Misc,0.2
BPS,Racing,0.2
CCP,Role-Playing,0.2
Cave,Shooter,0.2
Culture Brain,Sports,0.2
Funcom,Role-Playing,0.2
Gathering of Developers,Misc,0.2
Gremlin Interactive Ltd,Shooter,0.2
Kalypso Media,Action,0.2
Kemco,Sports,0.2
LucasArts,Role-Playing,0.2
Mad Catz,Misc,0.2
Merscom LLC,Adventure,0.2
Natsume,Puzzle,0.2
Playlogic Game Factory,Shooter,0.2
Psygnosis,Shooter,0.2
Rising Star Games,Adventure,0.2
Slitherine Software,Strategy,0.2
Sunsoft,Adventure,0.2
AQ Interactive,Fighting,0.19
Accolade,Platformer,0.19
Accolade,Sports,0.19
Alchemist,Action,0.19
Astragon,Puzzle,0.19
Bethesda Softworks,Simulation,0.19
Core Design Ltd.,Simulation,0.19
DTP Entertainment,Simulation,0.19
Evolved Games,Racing,0.19
Graffiti,Misc,0.19
Gremlin Interactive Ltd,Racing,0.19
JoWood Productions,Sports,0.19
Media Rings,Role-Playing,0.19
Metro 3D,Role-Playing,0.19
Metro 3D,Shooter,0.19
Nordcurrent,Puzzle,0.19
Oxygen Interactive,Action,0.19
SSI,Strategy,0.19
SouthPeak Games,Adventure,0.19
System 3,Platformer,0.19
Telltale Games,Action,0.19
Tripwire Interactive,Shooter,0.19
Video System,Action,0.19
Alchemist,Misc,0.18
Aqua Plus,Misc,0.18
Aspyr,Sports,0.18
City Interactive,Simulation,0.18
DTP Entertainment,Shooter,0.18
"Destination Software, Inc",Puzzle,0.18
Empire Interactive,Sports,0.18
Funsta,Puzzle,0.18
Global Star,Fighting,0.18
LEGO Media,Adventure,0.18
Oxygen Interactive,Adventure,0.18
Reef Entertainment,Shooter,0.18
Ubisoft Annecy,Misc,0.18
Unknown,Strategy,0.18
Adeline Software,Action,0.17
Agetec,Fighting,0.17
Alternative Software,Sports,0.17
Asmik Corp,Sports,0.17
Atlus,Action,0.17
Avalon Interactive,Action,0.17
Crystal Dynamics,Racing,0.17
Essential Games,Shooter,0.17
GameMill Entertainment,Sports,0.17
Gremlin Interactive Ltd,Action,0.17
Hudson Soft,Fighting,0.17
Irem Software Engineering,Misc,0.17
Mastertronic,Shooter,0.17
Panther Software,Role-Playing,0.17
Quinrose,Adventure,0.17
Rage Software,Racing,0.17
Rocket Company,Action,0.17
SouthPeak Games,Misc,0.17
Takara Tomy,Sports,0.17
Valcon Games,Racing,0.17
Acquire,Action,0.16999999999999998
Destineer,Adventure,0.16999999999999998
Insomniac Games,Action,0.16999999999999998
Neko Entertainment,Shooter,0.16999999999999998
System 3 Arcade Software,Platformer,0.16999999999999998
Tru Blu Entertainment,Sports,0.16999999999999998
Virgin Interactive,Sports,0.16999999999999998
Zushi Games,Racing,0.16999999999999998
Aksys Games,Adventure,0.16
Aques,Sports,0.16
DreamCatcher Interactive,Puzzle,0.16
Game Life,Misc,0.16
Happinet,Adventure,0.16
Imagineer,Simulation,0.16
Irem Software Engineering,Action,0.16
Marvelous Entertainment,Simulation,0.16
PlayV,Action,0.16
Sony Online Entertainment,Strategy,0.16
Square,Racing,0.16
Syscom,Misc,0.16
Tivola,Misc,0.16
Vir2L Studios,Action,0.16
Vivendi Games,Puzzle,0.16
"Destination Software, Inc",Simulation,0.15000000000000002
Jaleco,Action,0.15000000000000002
JoWood Productions,Simulation,0.15000000000000002
Kemco,Platformer,0.15000000000000002
SouthPeak Games,Sports,0.15000000000000002
Swing! Entertainment,Shooter,0.15000000000000002
BMG Interactive Entertainment,Racing,0.15
Capcom,Simulation,0.15
Crave Entertainment,Adventure,0.15
Crystal Dynamics,Adventure,0.15
CyberFront,Adventure,0.15
Gathering of Developers,Strategy,0.15
Idea Factory,Misc,0.15
Little Orbit,Simulation,0.15
Media Factory,Sports,0.15
Microids,Action,0.15
Nobilis,Role-Playing,0.15
SNK Playmore,Shooter,0.15
White Park Bay Software,Puzzle,0.15
BMG Interactive Entertainment,Shooter,0.14
Crave Entertainment,Strategy,0.14
EA Games,Shooter,0.14
Excalibur Publishing,Action,0.14
Excalibur Publishing,Simulation,0.14
Game Arts,Role-Playing,0.14
General Entertainment,Strategy,0.14
Global A Entertainment,Role-Playing,0.14
Global Star,Simulation,0.14
Idea Factory International,Role-Playing,0.14
Imadio,Adventure,0.14
Jaleco,Puzzle,0.14
JoWood Productions,Action,0.14
Kadokawa Games,Adventure,0.14
Kadokawa Shoten,Sports,0.14
Media Factory,Adventure,0.14
Mindscape,Sports,0.14
NEC,Adventure,0.14
Sony Music Entertainment,Misc,0.14
Swing! Entertainment,Adventure,0.14
Ubisoft Annecy,Role-Playing,0.14
Valcon Games,Sports,0.14
ValuSoft,Puzzle,0.14
Telegames,Puzzle,0.13999999999999999
3DO,Platformer,0.13
5pb,Action,0.13
Ackkstudios,Role-Playing,0.13
ArtDink,Simulation,0.13
Black Bean Games,Action,0.13
Comfort,Adventure,0.13
Daedalic Entertainment,Adventure,0.13
DreamWorks Interactive,Platformer,0.13
Havas Interactive,Role-Playing,0.13
Level 5,Strategy,0.13
Mercury Games,Simulation,0.13
Midas Interactive Entertainment,Puzzle,0.13
Mindscape,Racing,0.13
Moss,Shooter,0.13
Myelin Media,Misc,0.13
NEC Interchannel,Role-Playing,0.13
Rondomedia,Adventure,0.13
Rondomedia,Racing,0.13
SCS Software,Action,0.13
SouthPeak Games,Strategy,0.13
Success,Adventure,0.13
TDK Mediactive,Adventure,0.13
Telstar,Action,0.13
Tomy Corporation,Simulation,0.13
Touchstone,Simulation,0.13
Zushi Games,Role-Playing,0.13
responDESIGN,Sports,0.13
Aspyr,Misc,0.12000000000000001
Avalon Interactive,Role-Playing,0.12000000000000001
Epoch,Role-Playing,0.12000000000000001
Milestone S.r.l,Racing,0.12000000000000001
SCi,Platformer,0.12000000000000001
SouthPeak Games,Puzzle,0.12000000000000001
Taito,Role-Playing,0.12000000000000001
Angel Studios,Fighting,0.12
Aqua Plus,Strategy,0.12
Atlus,Racing,0.12
Conspiracy Entertainment,Misc,0.12
Crytek,Action,0.12
DHM Interactive,Simulation,0.12
Data Design Interactive,Sports,0.12
Enix Corporation,Sports,0.12
Foreign Media Games,Adventure,0.12
From Software,Adventure,0.12
FunSoft,Racing,0.12
Game Life,Simulation,0.12
JVC,Fighting,0.12
Kadokawa Games,Misc,0.12
Koch Media,Sports,0.12
Level 5,Adventure,0.12
Midas Interactive Entertainment,Strategy,0.12
NDA Productions,Shooter,0.12
SPS,Sports,0.12
T&E Soft,Sports,0.12
Taito,Misc,0.12
Takara,Action,0.12
Ackkstudios,Sports,0.11000000000000001
Tommo,Misc,0.11000000000000001
3DO,Puzzle,0.11
3DO,Strategy,0.11
Aqua Plus,Fighting,0.11
Aqua Plus,Role-Playing,0.11
Atlus,Shooter,0.11
Atlus,Simulation,0.11
Atlus,Strategy,0.11
BAM! Entertainment,Fighting,0.11
Bohemia Interactive,Shooter,0.11
Compile Heart,Adventure,0.11
DTP Entertainment,Strategy,0.11
Data East,Adventure,0.11
Empire Interactive,Adventure,0.11
Evolved Games,Shooter,0.11
Focus Home Interactive,Strategy,0.11
From Software,Shooter,0.11
Funbox Media,Adventure,0.11
Gainax Network Systems,Adventure,0.11
Gamecock,Misc,0.11
Gameloft,Misc,0.11
Genki,Action,0.11
Global Star,Action,0.11
Jaleco,Misc,0.11
Majesco Entertainment,Role-Playing,0.11
Nordcurrent,Sports,0.11
O3 Entertainment,Simulation,0.11
PM Studios,Misc,0.11
Paradox Interactive,Role-Playing,0.11
PopTop Software,Strategy,0.11
Rage Software,Shooter,0.11
Rising Star Games,Platformer,0.11
Shogakukan,Adventure,0.11
Simon & Schuster Interactive,Sports,0.11
Success,Strategy,0.11
Sunsoft,Platformer,0.11
Swing! Entertainment,Simulation,0.11
Syscom,Racing,0.11
TOHO,Role-Playing,0.11
Time Warner Interactive,Fighting,0.11
Time Warner Interactive,Sports,0.11
Titus,Shooter,0.11
Vivendi Games,Sports,0.11
Xicat Interactive,Sports,0.11
Zoo Digital Publishing,Simulation,0.11
Asmik Ace Entertainment,Fighting,0.1
Avalon Interactive,Simulation,0.1
Broccoli,Misc,0.1
CCP,Shooter,0.1
CDV Software Entertainment,Adventure,0.1
Cave,Misc,0.1
City Interactive,Puzzle,0.1
Compile Heart,Strategy,0.1
Conspiracy Entertainment,Shooter,0.1
Core Design Ltd.,Action,0.1
Deep Silver,Platformer,0.1
Enjoy Gaming ltd.,Shooter,0.1
Funbox Media,Action,0.1
Game Factory,Platformer,0.1
GameTek,Misc,0.1
Gust,Adventure,0.1
HMH Interactive,Adventure,0.1
Idea Factory,Strategy,0.1
Ignition Entertainment,Platformer,0.1
Ignition Entertainment,Strategy,0.1
Image Epoch,Role-Playing,0.1
Interchannel,Adventure,0.1
Interplay,Simulation,0.1
Interplay Productions,Shooter,0.1
JoWood Productions,Strategy,0.1
Kemco,Misc,0.1
LEGO Media,Strategy,0.1
MTO,Racing,0.1
Marvelous Entertainment,Misc,0.1
Mastiff,Simulation,0.1
Media Rings,Racing,0.1
Micro Cabin,Role-Playing,0.1
Microsoft Game Studios,Puzzle,0.1
Natsume,Fighting,0.1
Oxygen Interactive,Puzzle,0.1
PQube,Racing,0.1
Phantom EFX,Shooter,0.1
Phenomedia,Puzzle,0.1
Pinnacle,Sports,0.1
Playlogic Game Factory,Puzzle,0.1
SNK Playmore,Adventure,0.1
Spike,Adventure,0.1
Starfish,Role-Playing,0.1
TopWare Interactive,Misc,0.1
Type-Moon,Adventure,0.1
dramatic create,Adventure,0.1
inXile Entertainment,Role-Playing,0.1
Foreign Media Games,Misc,0.09999999999999999
TGL,Adventure,0.09999999999999999
Edia,Misc,0.09000000000000001
Kadokawa Shoten,Action,0.09000000000000001
Revolution Software,Adventure,0.09000000000000001
Asmik Ace Entertainment,Simulation,0.09
Aspyr,Role-Playing,0.09
Asylum Entertainment,Simulation,0.09
Big Ben Interactive,Shooter,0.09
Culture Publishers,Puzzle,0.09
Data Design Interactive,Racing,0.09
DreamCatcher Interactive,Sports,0.09
Dusenberry Martin Racing,Racing,0.09
Empire Interactive,Role-Playing,0.09
Game Factory,Fighting,0.09
Game Factory,Racing,0.09
GameMill Entertainment,Adventure,0.09
Graffiti,Role-Playing,0.09
Griffin International,Sports,0.09
Groove Games,Shooter,0.09
Hearty Robin,Simulation,0.09
Hudson Entertainment,Sports,0.09
JVC,Racing,0.09
Media Works,Strategy,0.09
Midas Interactive Entertainment,Action,0.09
Natsume,Strategy,0.09
Nippon Amuse,Misc,0.09
Nordic Games,Sports,0.09
O3 Entertainment,Shooter,0.09
Origin Systems,Simulation,0.09
Playlogic Game Factory,Misc,0.09
Sunsoft,Puzzle,0.09
Takara Tomy,Racing,0.09
Takara Tomy,Strategy,0.09
Tecmo Koei,Platformer,0.09
Time Warner Interactive,Strategy,0.09
Tradewest,Sports,0.09
Zoo Digital Publishing,Strategy,0.09
Zushi Games,Misc,0.09
505 Games,Racing,0.08
Abylight,Action,0.08
Acquire,Strategy,0.08
Agatsuma Entertainment,Misc,0.08
Agetec,Misc,0.08
Alchemist,Shooter,0.08
Avanquest,Simulation,0.08
Banpresto,Shooter,0.08
Broccoli,Strategy,0.08
Cloud Imperium Games Corporation,Fighting,0.08
Conspiracy Entertainment,Sports,0.08
Crystal Dynamics,Sports,0.08
"Destination Software, Inc",Misc,0.08
DreamCatcher Interactive,Adventure,0.08
DreamCatcher Interactive,Shooter,0.08
Epoch,Misc,0.08
Experience Inc.,Role-Playing,0.08
Flight-Plan,Role-Playing,0.08
Glams,Strategy,0.08
Hudson Entertainment,Platformer,0.08
Infogrames,Strategy,0.08
JVC,Misc,0.08
KID,Adventure,0.08
Koch Media,Adventure,0.08
LSP Games,Platformer,0.08
Mastiff,Misc,0.08
Mercury Games,Role-Playing,0.08
Micro Cabin,Simulation,0.08
Milestone,Shooter,0.08
Mitsui,Shooter,0.08
NEC Interchannel,Strategy,0.08
Nordic Games,Adventure,0.08
Ocean,Puzzle,0.08
PQube,Shooter,0.08
Popcorn Arcade,Action,0.08
Popcorn Arcade,Racing,0.08
RTL,Simulation,0.08
Reef Entertainment,Adventure,0.08
Seventh Chord,Action,0.08
Spike,Simulation,0.08
Telegames,Strategy,0.08
Telstar,Racing,0.08
Valcon Games,Shooter,0.08
XS Games,Misc,0.08
Ackkstudios,Adventure,0.07
Altron,Shooter,0.07
Arc System Works,Action,0.07
Aria,Adventure,0.07
Astragon,Simulation,0.07
Asylum Entertainment,Platformer,0.07
Athena,Adventure,0.07
Avanquest,Sports,0.07
Blast! Entertainment Ltd,Adventure,0.07
Codemasters,Puzzle,0.07
Data Design Interactive,Misc,0.07
Elite,Simulation,0.07
Enix Corporation,Action,0.07
Enterbrain,Fighting,0.07
Evolution Games,Action,0.07
From Software,Action,0.07
GT Interactive,Simulation,0.07
Global Star,Strategy,0.07
Human Entertainment,Strategy,0.07
Kemco,Adventure,0.07
Locus,Role-Playing,0.07
Mad Catz,Simulation,0.07
Metro 3D,Platformer,0.07
Midas Interactive Entertainment,Fighting,0.07
Misawa,Sports,0.07
Natsume,Adventure,0.07
NewKidCo,Fighting,0.07
Playlogic Game Factory,Strategy,0.07
Popcorn Arcade,Platformer,0.07
Princess Soft,Adventure,0.07
Rocket Company,Sports,0.07
Sammy Corporation,Adventure,0.07
Screenlife,Fighting,0.07
Success,Action,0.07
Sunrise Interactive,Action,0.07
Take-Two Interactive,Puzzle,0.07
Tomy Corporation,Racing,0.07
Tru Blu Entertainment,Action,0.07
Vir2L Studios,Sports,0.07
Warp,Adventure,0.07
Xseed Games,Action,0.07
Zoo Games,Simulation,0.07
Zushi Games,Puzzle,0.07
Zushi Games,Strategy,0.07
Kaga Create,Action,0.06999999999999999
ASCII Media Works,Role-Playing,0.060000000000000005
Big Ben Interactive,Racing,0.060000000000000005
MLB.com,Sports,0.060000000000000005
NewKidCo,Action,0.060000000000000005
10TACLE Studios,Strategy,0.06
Activision Value,Strategy,0.06
Ascaron Entertainment GmbH,Role-Playing,0.06
City Interactive,Misc,0.06
Compile Heart,Action,0.06
Conspiracy Entertainment,Racing,0.06
Creative Core,Simulation,0.06
Crimson Cow,Action,0.06
DigiCube,Sports,0.06
ESP,Simulation,0.06
Ecole,Fighting,0.06
Falcom Corporation,Fighting,0.06
Foreign Media Games,Simulation,0.06
Fortyfive,Adventure,0.06
FuRyu,Adventure,0.06
Game Factory,Role-Playing,0.06
Gamecock,Action,0.06
Gearbox Software,Shooter,0.06
Grand Prix Games,Fighting,0.06
HAL Laboratory,Puzzle,0.06
Hudson Entertainment,Shooter,0.06
Imax,Misc,0.06
Indie Games,Adventure,0.06
Infogrames,Simulation,0.06
Irem Software Engineering,Fighting,0.06
JVC,Action,0.06
Kaga Create,Misc,0.06
LEGO Media,Platformer,0.06
MC2 Entertainment,Adventure,0.06
MTO,Action,0.06
Midas Interactive Entertainment,Role-Playing,0.06
NEC Interchannel,Simulation,0.06
Neko Entertainment,Adventure,0.06
Nordic Games,Shooter,0.06
Office Create,Simulation,0.06
Oxygen Interactive,Platformer,0.06
PQube,Sports,0.06
Pack-In-Video,Simulation,0.06
Psygnosis,Puzzle,0.06
Psygnosis,Sports,0.06
Sonnet,Misc,0.06
Starfish,Action,0.06
Success,Misc,0.06
Sunrise Interactive,Role-Playing,0.06
Sunsoft,Fighting,0.06
Take-Two Interactive,Fighting,0.06
Telstar,Shooter,0.06
Titus,Misc,0.06
Tommo,Shooter,0.06
Xseed Games,Adventure,0.06
Xseed Games,Shooter,0.06
Yumedia,Adventure,0.06
Zenrin,Misc,0.06
Zushi Games,Simulation,0.06
iWin,Puzzle,0.06
1C Company,Strategy,0.05
5pb,Shooter,0.05
ASC Games,Action,0.05
Activision Value,Action,0.05
Activision Value,Misc,0.05
Aksys Games,Action,0.05
Arc System Works,Misc,0.05
Arika,Role-Playing,0.05
Ascaron Entertainment GmbH,Strategy,0.05
Astragon,Action,0.05
Avalon Interactive,Racing,0.05
Avanquest Software,Action,0.05
Avanquest Software,Misc,0.05
Black Bean Games,Strategy,0.05
CDV Software Entertainment,Strategy,0.05
Coconuts Japan,Misc,0.05
DTP Entertainment,Puzzle,0.05
Destineer,Shooter,0.05
DreamCatcher Interactive,Platformer,0.05
ESP,Platformer,0.05
Ertain,Simulation,0.05
Focus Home Interactive,Platformer,0.05
GN Software,Adventure,0.05
Gainax Network Systems,Misc,0.05
Graffiti,Simulation,0.05
Gremlin Interactive Ltd,Platformer,0.05
Imagineer,Fighting,0.05
JVC,Shooter,0.05
JoWood Productions,Misc,0.05
Kadokawa Games,Role-Playing,0.05
Kemco,Puzzle,0.05
Kemco,Role-Playing,0.05
Marvel Entertainment,Action,0.05
Mastiff,Adventure,0.05
Max Five,Role-Playing,0.05
Media Works,Adventure,0.05
MediaQuest,Puzzle,0.05
Midas Interactive Entertainment,Platformer,0.05
Mindscape,Role-Playing,0.05
N/A,Role-Playing,0.05
Navarre Corp,Sports,0.05
Nobilis,Action,0.05
Nordcurrent,Action,0.05
Nordic Games,Role-Playing,0.05
O-Games,Adventure,0.05
PQube,Simulation,0.05
Pack-In-Video,Adventure,0.05
Phantagram,Simulation,0.05
Phenomedia,Platformer,0.05
Playlogic Game Factory,Sports,0.05
Pony Canyon,Misc,0.05
PopCap Games,Misc,0.05
Pow,Puzzle,0.05
Quinrose,Action,0.05
Russel,Action,0.05
SCi,Racing,0.05
Scholastic Inc.,Misc,0.05
Storm City Games,Sports,0.05
Sweets,Adventure,0.05
Swing! Entertainment,Action,0.05
Team17 Software,Strategy,0.05
TechnoSoft,Shooter,0.05
The Learning Company,Racing,0.05
Titus,Role-Playing,0.05
U.S. Gold,Platformer,0.05
UFO Interactive,Sports,0.05
Vap,Misc,0.05
WayForward Technologies,Adventure,0.05
Yuke's,Fighting,0.05
1C Company,Racing,0.04
2D Boy,Puzzle,0.04
5pb,Fighting,0.04
5pb,Simulation,0.04
7G//AMES,Simulation,0.04
Aerosoft,Simulation,0.04
Agetec,Racing,0.04
Alawar Entertainment,Strategy,0.04
Alvion,Misc,0.04
Asmik Ace Entertainment,Adventure,0.04
Avalon Interactive,Shooter,0.04
Banpresto,Platformer,0.04
Banpresto,Racing,0.04
Blast! Entertainment Ltd,Sports,0.04
ChunSoft,Action,0.04
Conspiracy Entertainment,Puzzle,0.04
CyberFront,Misc,0.04
D3Publisher,Strategy,0.04
DHM Interactive,Shooter,0.04
DSI Games,Action,0.04
Data East,Role-Playing,0.04
"Destination Software, Inc",Action,0.04
Electronic Arts Victor,Action,0.04
Enterbrain,Simulation,0.04
Essential Games,Strategy,0.04
Flashpoint Games,Action,0.04
Flashpoint Games,Platformer,0.04
Flight-Plan,Strategy,0.04
FuRyu Corporation,Action,0.04
FuRyu Corporation,Sports,0.04
Gakken,Misc,0.04
Games Workshop,Action,0.04
Genki,Sports,0.04
Graffiti,Shooter,0.04
GungHo,Misc,0.04
Hudson Entertainment,Role-Playing,0.04
Iceberg Interactive,Role-Playing,0.04
Iceberg Interactive,Strategy,0.04
Ignition Entertainment,Adventure,0.04
Imagineer,Racing,0.04
Introversion Software,Action,0.04
Ivolgamus,Puzzle,0.04
Jester Interactive,Misc,0.04
JoWood Productions,Platformer,0.04
JoWood Productions,Puzzle,0.04
Kalypso Media,Adventure,0.04
Kool Kizz,Strategy,0.04
Legacy Interactive,Adventure,0.04
Licensed 4U,Action,0.04
Media Works,Misc,0.04
Microids,Sports,0.04
Monte Christo Multimedia,Simulation,0.04
N/A,Shooter,0.04
Natsume,Misc,0.04
Nippon Ichi Software,Strategy,0.04
Ocean,Misc,0.04
PQube,Misc,0.04
Playmore,Fighting,0.04
Popcorn Arcade,Shooter,0.04
Rage Software,Puzzle,0.04
Rebellion Developments,Action,0.04
Red Storm Entertainment,Action,0.04
Reef Entertainment,Sports,0.04
Riverhillsoft,Simulation,0.04
Rocket Company,Simulation,0.04
Rondomedia,Misc,0.04
Russel,Adventure,0.04
Societa,Adventure,0.04
Sold Out,Action,0.04
Starfish,Shooter,0.04
Storm City Games,Misc,0.04
Summitsoft,Sports,0.04
System 3 Arcade Software,Sports,0.04
Time Warner Interactive,Shooter,0.04
Tommo,Sports,0.04
Virgin Interactive,Misc,0.04
Virtual Play Games,Misc,0.04
Yamasa Entertainment,Misc,0.04
Zushi Games,Adventure,0.04
10TACLE Studios,Puzzle,0.03
49Games,Sports,0.03
5pb,Role-Playing,0.03
ASK,Misc,0.03
Agatsuma Entertainment,Platformer,0.03
Agetec,Strategy,0.03
Angel Studios,Strategy,0.03
Asgard,Action,0.03
Aspyr,Adventure,0.03
Atlus,Adventure,0.03
Atlus,Platformer,0.03
BMG Interactive Entertainment,Sports,0.03
Berkeley,Action,0.03
Big Fish Games,Action,0.03
Broccoli,Fighting,0.03
Broccoli,Simulation,0.03
BushiRoad,Adventure,0.03
CDV Software Entertainment,Puzzle,0.03
Compile,Role-Playing,0.03
Conspiracy Entertainment,Platformer,0.03
Conspiracy Entertainment,Simulation,0.03
Creative Core,Adventure,0.03
Culture Brain,Role-Playing,0.03
CyberFront,Role-Playing,0.03
CyberFront,Strategy,0.03
Cygames,Platformer,0.03
Datam Polystar,Adventure,0.03
"Destination Software, Inc",Role-Playing,0.03
Devolver Digital,Puzzle,0.03
Dorart,Misc,0.03
ESP,Fighting,0.03
ESP,Shooter,0.03
Easy Interactive,Puzzle,0.03
Encore,Action,0.03
Evolved Games,Platformer,0.03
Extreme Entertainment Group,Role-Playing,0.03
Fields,Misc,0.03
Focus Multimedia,Puzzle,0.03
FuRyu,Simulation,0.03
FuRyu Corporation,Adventure,0.03
Fuji,Adventure,0.03
G.Rev,Fighting,0.03
HMH Interactive,Misc,0.03
Headup Games,Adventure,0.03
Her Interactive,Adventure,0.03
Hip Interactive,Shooter,0.03
Hudson Entertainment,Puzzle,0.03
Hudson Soft,Strategy,0.03
Irem Software Engineering,Shooter,0.03
Irem Software Engineering,Strategy,0.03
Just Flight,Simulation,0.03
KSS,Misc,0.03
Kamui,Misc,0.03
Kando Games,Simulation,0.03
Kids Station,Adventure,0.03
Koch Media,Puzzle,0.03
Kokopeli Digital Studios,Fighting,0.03
LSP Games,Action,0.03
Level 5,Misc,0.03
Lexicon Entertainment,Simulation,0.03
Mad Catz,Sports,0.03
Mamba Games,Adventure,0.03
Marvelous Interactive,Misc,0.03
Mastertronic,Adventure,0.03
Maximum Family Games,Action,0.03
Midas Interactive Entertainment,Misc,0.03
Minato Station,Adventure,0.03
Mindscape,Adventure,0.03
Neko Entertainment,Misc,0.03
Nexon,Role-Playing,0.03
Nobilis,Adventure,0.03
Number None,Platformer,0.03
O-Games,Shooter,0.03
Paon Corporation,Misc,0.03
Paradox Interactive,Misc,0.03
Phenomedia,Racing,0.03
Pinnacle,Puzzle,0.03
Pinnacle,Strategy,0.03
Play It,Platformer,0.03
Prototype,Action,0.03
Psygnosis,Misc,0.03
Psygnosis,Platformer,0.03
RTL,Racing,0.03
Rocket Company,Adventure,0.03
Seta Corporation,Sports,0.03
Stainless Games,Action,0.03
Storm City Games,Adventure,0.03
Strategy First,Strategy,0.03
Sunflowers,Strategy,0.03
Sunsoft,Misc,0.03
Swing! Entertainment,Platformer,0.03
System Soft,Strategy,0.03
TDK Core,Simulation,0.03
Tomy Corporation,Misc,0.03
Tryfirst,Fighting,0.03
Valcon Games,Simulation,0.03
Vir2L Studios,Racing,0.03
Wanadoo,Platformer,0.03
Xicat Interactive,Racing,0.03
Xicat Interactive,Role-Playing,0.03
Yuke's,Racing,0.03
bitComposer Games,Racing,0.03
id Software,Shooter,0.03
imageepoch Inc.,Role-Playing,0.03
10TACLE Studios,Adventure,0.02
7G//AMES,Misc,0.02
Alawar Entertainment,Action,0.02
Alchemist,Role-Playing,0.02
Alternative Software,Action,0.02
Arika,Misc,0.02
Arika,Shooter,0.02
Athena,Sports,0.02
Atlus,Misc,0.02
Big Ben Interactive,Adventure,0.02
Big Ben Interactive,Platformer,0.02
Big Fish Games,Adventure,0.02
Bigben Interactive,Adventure,0.02
Blue Byte,Strategy,0.02
CTO SpA,Sports,0.02
Cave,Action,0.02
Coconuts Japan,Adventure,0.02
Codemasters Online,Role-Playing,0.02
Comfort,Action,0.02
Crimson Cow,Adventure,0.02
Culture Brain,Adventure,0.02
Culture Brain,Misc,0.02
CyberFront,Action,0.02
DHM Interactive,Puzzle,0.02
DSI Games,Simulation,0.02
DSI Games,Sports,0.02
Destineer,Platformer,0.02
Devolver Digital,Shooter,0.02
Empire Interactive,Strategy,0.02
Encore,Racing,0.02
Encore,Role-Playing,0.02
Epic Games,Action,0.02
Essential Games,Action,0.02
Focus Multimedia,Misc,0.02
Funsta,Shooter,0.02
GOA,Role-Playing,0.02
Gaga,Shooter,0.02
Gamecock,Strategy,0.02
Ghostlight,Simulation,0.02
Giga,Adventure,0.02
Giza10,Action,0.02
Graphsim Entertainment,Simulation,0.02
GungHo,Adventure,0.02
Hamster Corporation,Simulation,0.02
Happinet,Misc,0.02
HuneX,Adventure,0.02
IE Institute,Action,0.02
Imageworks,Simulation,0.02
Jack of All Games,Shooter,0.02
Kadokawa Games,Simulation,0.02
Kadokawa Shoten,Misc,0.02
Kadokawa Shoten,Simulation,0.02
Kadokawa Shoten,Strategy,0.02
Kaga Create,Adventure,0.02
Karin Entertainment,Misc,0.02
Kemco,Shooter,0.02
King Records,Role-Playing,0.02
Koch Media,Role-Playing,0.02
Lexicon Entertainment,Shooter,0.02
Licensed 4U,Puzzle,0.02
MC2 Entertainment,Shooter,0.02
Mamba Games,Strategy,0.02
Marvelous Games,Adventure,0.02
Masque Publishing,Simulation,0.02
Mastertronic,Misc,0.02
Mastertronic,Sports,0.02
Metro 3D,Fighting,0.02
Micro Cabin,Puzzle,0.02
Midas Interactive Entertainment,Simulation,0.02
Minato Station,Action,0.02
Mirai Shounen,Misc,0.02
Mumbo Jumbo,Sports,0.02
Mumbo Jumbo,Strategy,0.02
Mycom,Action,0.02
Natsume,Platformer,0.02
Neko Entertainment,Action,0.02
Neko Entertainment,Puzzle,0.02
NetRevo,Adventure,0.02
New World Computing,Strategy,0.02
NewKidCo,Platformer,0.02
Nippon Ichi Software,Shooter,0.02
Nobilis,Racing,0.02
Nordic Games,Strategy,0.02
O-Games,Racing,0.02
O3 Entertainment,Puzzle,0.02
P2 Games,Puzzle,0.02
Phoenix Games,Shooter,0.02
PlayV,Misc,0.02
Plenty,Misc,0.02
Quintet,Adventure,0.02
RED Entertainment,Adventure,0.02
Revolution (Japan),Adventure,0.02
Saurus,Action,0.02
Storm City Games,Platformer,0.02
Storm City Games,Strategy,0.02
Sunrise Interactive,Fighting,0.02
Sunrise Interactive,Racing,0.02
System 3 Arcade Software,Puzzle,0.02
System Soft,Adventure,0.02
Taito,Adventure,0.02
Takara,Role-Playing,0.02
Technos Japan Corporation,Sports,0.02
Telegames,Simulation,0.02
Titus,Strategy,0.02
UFO Interactive,Action,0.02
UFO Interactive,Shooter,0.02
ValuSoft,Adventure,0.02
Victor Interactive,Adventure,0.02
Victor Interactive,Misc,0.02
Victor Interactive,Role-Playing,0.02
Views,Action,0.02
Virgin Interactive,Racing,0.02
Virtual Play Games,Sports,0.02
Visco,Shooter,0.02
Vivendi Games,Simulation,0.02
Wanadoo,Racing,0.02
Warashi,Shooter,0.02
Yeti,Fighting,0.02
Zoo Games,Adventure,0.02
Zushi Games,Action,0.02
fonfun,Simulation,0.02
1C Company,Role-Playing,0.01
Ackkstudios,Strategy,0.01
Arc System Works,Role-Playing,0.01
Ascaron Entertainment,Strategy,0.01
Avanquest,Adventure,0.01
Banpresto,Misc,0.01
Blue Byte,Simulation,0.01
Boost On,Adventure,0.01
Broccoli,Role-Playing,0.01
CDV Software Entertainment,Simulation,0.01
Cave,Adventure,0.01
Commseed,Misc,0.01
Creative Core,Misc,0.01
"Destination Software, Inc",Sports,0.01
EON Digital Entertainment,Strategy,0.01
Focus Home Interactive,Action,0.01
Focus Home Interactive,Misc,0.01
Focus Multimedia,Action,0.01
G.Rev,Shooter,0.01
GameMill Entertainment,Puzzle,0.01
Genterprise,Puzzle,0.01
Global A Entertainment,Misc,0.01
Gust,Strategy,0.01
Happinet,Simulation,0.01
HuneX,Action,0.01
Interchannel-Holon,Strategy,0.01
"Interworks Unlimited, Inc.",Sports,0.01
Inti Creates,Action,0.01
Irem Software Engineering,Role-Playing,0.01
Jaleco,Fighting,0.01
Jaleco,Shooter,0.01
Kalypso Media,Role-Playing,0.01
Koch Media,Strategy,0.01
LEGO Media,Action,0.01
LSP Games,Shooter,0.01
Lighthouse Interactive,Simulation,0.01
Liquid Games,Puzzle,0.01
Mastertronic,Racing,0.01
Media Entertainment,Misc,0.01
Michaelsoft,Role-Playing,0.01
N/A,Racing,0.01
Naxat Soft,Misc,0.01
NetRevo,Action,0.01
Nitroplus,Adventure,0.01
Nitroplus,Fighting,0.01
Ongakukan,Simulation,0.01
Otomate,Adventure,0.01
Paradox Development,Simulation,0.01
Piacci,Adventure,0.01
Red Flagship,Action,0.01
SNK Playmore,Role-Playing,0.01
Storm City Games,Action,0.01
Success,Puzzle,0.01
Success,Simulation,0.01
Taito,Fighting,0.01
Takuyo,Adventure,0.01
Titus,Platformer,0.01
TopWare Interactive,Role-Playing,0.01
Trion Worlds,Strategy,0.01
UIG Entertainment,Simulation,0.01
Views,Adventure,0.01
Yacht Club Games,Action,0.01
Yeti,Action,0.01
dramatic create,Action,0.01
dramatic create,Misc,0.01
imageepoch Inc.,Adventure,0.01
