appid,name,release_date,developer,publisher,free_to_play,virtual_reality_support,controller_support,steam_workshop,singleplayer,multiplayer,is_open_world,is_rogue_like,is_metroidvania,is_visual_novel,has_great_soundtrack,is_shooter,is_rpg,has_female_protagonist,is_sports,windows_support,mac_support,linux_support,required_age,categories,genres,steamspy_tags,achievements,general_rating,positive_ratings,negative_ratings,average_playtime,median_playtime,owners,price,total_reviews
271590,Grand Theft Auto V,2015-04-13,Rockstar North,Rockstar Games,FALSE,FALSE,Full,FALSE,TRUE,Multiplayer (Unspecified),TRUE,FALSE,FALSE,FALSE,FALSE,FALSE,FALSE,FALSE,FALSE,TRUE,FALSE,FALSE,18,Single-player;Multi-player;Steam Achievements;Full controller support,Action;Adventure,Open World;Action;Multiplayer,77,Mostly Positive,329061,139308,9837,4834,10M to 20M,24.99,468369
72850,The Elder Scrolls V: Skyrim,2011-11-10,Bethesda Game Studios,Bethesda Softworks,FALSE,FALSE,No,TRUE,TRUE,No multiplayer,TRUE,FALSE,FALSE,FALSE,FALSE,FALSE,TRUE,FALSE,FALSE,TRUE,FALSE,FALSE,16,Single-player;Steam Achievements;Steam Trading Cards;Steam Workshop;Partial Controller Support;Steam Cloud,RPG,Open World;RPG;Fantasy,75,Positive,237303,14951,7089,3885,10M to 20M,9.99,252254
346110,ARK: Survival Evolved,2017-08-27,Studio Wildcard;Instinct Games;Efecto Studios;Virtual Basement LLC,Studio Wildcard,FALSE,FALSE,Full,TRUE,TRUE,Online only,TRUE,FALSE,FALSE,FALSE,FALSE,FALSE,FALSE,FALSE,FALSE,TRUE,TRUE,TRUE,0,Single-player;Multi-player;MMO;Co-op;Steam Achievements;Full controller support;VR Support;Steam Workshop;Steam Cloud;Valve Anti-Cheat enabled;Includes level editor,Action;Adventure;Indie;Massively Multiplayer;RPG,Survival;Open World;Multiplayer,32,Mostly Positive,145035,66603,14154,1470,5M to 10M,44.99,211638
292030,The Witcher® 3: Wild Hunt,2015-05-18,CD PROJEKT RED,CD PROJEKT RED,FALSE,FALSE,Full,FALSE,TRUE,No multiplayer,TRUE,FALSE,FALSE,FALSE,FALSE,FALSE,TRUE,FALSE,FALSE,TRUE,FALSE,FALSE,0,Single-player;Steam Achievements;Full controller support;Steam Trading Cards;Steam Cloud,RPG,Open World;RPG;Story Rich,78,Extremely Positive,202930,4798,3068,2002,5M to 10M,24.99,207728
221100,DayZ,2018-12-13,Bohemia Interactive,Bohemia Interactive,FALSE,FALSE,No,TRUE,FALSE,Online only,TRUE,FALSE,FALSE,FALSE,FALSE,FALSE,FALSE,FALSE,FALSE,TRUE,FALSE,FALSE,18,Multi-player;Online Multi-Player;Steam Workshop;Steam Cloud;Valve Anti-Cheat enabled,Action;Adventure;Massively Multiplayer,Survival;Zombies;Open World,0,Mostly Positive,118435,77169,7235,2798,2M to 5M,33.99,195604
227300,Euro Truck Simulator 2,2012-10-12,SCS Software,SCS Software,FALSE,FALSE,No,TRUE,TRUE,No multiplayer,TRUE,FALSE,FALSE,FALSE,FALSE,FALSE,FALSE,FALSE,FALSE,TRUE,TRUE,TRUE,0,Single-player;Steam Achievements;Steam Trading Cards;Steam Workshop;Partial Controller Support;Steam Cloud;Includes level editor,Indie;Simulation,Simulation;Driving;Open World,67,Extremely Positive,176769,5825,4942,1413,5M to 10M,14.99,182594
377160,Fallout 4,2015-11-09,Bethesda Game Studios,Bethesda Softworks,FALSE,FALSE,Full,FALSE,TRUE,No multiplayer,TRUE,FALSE,FALSE,FALSE,FALSE,FALSE,FALSE,FALSE,FALSE,TRUE,FALSE,FALSE,18,Single-player;Steam Achievements;Full controller support;Steam Cloud,RPG,Open World;Post-apocalyptic;Exploration,84,Mostly Positive,110376,45377,4822,2904,5M to 10M,19.99,155753
275850,No Man's Sky,2016-08-12,Hello Games,Hello Games,FALSE,FALSE,Full,FALSE,TRUE,Online + Co-op,TRUE,FALSE,FALSE,FALSE,FALSE,FALSE,FALSE,FALSE,FALSE,TRUE,FALSE,FALSE,0,Single-player;Multi-player;Online Multi-Player;Co-op;Online Co-op;Steam Achievements;Full controller support;Steam Cloud,Action;Adventure,Open World;Space;Exploration,27,Mixed,63444,56488,2004,1222,1M to 2M,39.99,119932
242760,The Forest,2018-04-30,Endnight Games Ltd,Endnight Games Ltd,FALSE,FALSE,No,FALSE,TRUE,Co-op multiplayer,TRUE,FALSE,FALSE,FALSE,FALSE,FALSE,FALSE,FALSE,FALSE,TRUE,FALSE,FALSE,18,Single-player;Multi-player;Co-op;Partial Controller Support;Steam Cloud,Action;Adventure;Indie;Simulation,Survival;Open World;Horror,45,Positive,110460,8881,2417,1127,2M to 5M,15.49,119341
264710,Subnautica,2018-01-23,Unknown Worlds Entertainment,Unknown Worlds Entertainment,FALSE,FALSE,Full,FALSE,TRUE,No multiplayer,TRUE,FALSE,FALSE,FALSE,FALSE,FALSE,FALSE,FALSE,FALSE,TRUE,TRUE,FALSE,0,Single-player;Steam Achievements;Full controller support;Steam Trading Cards;VR Support,Adventure;Indie,Survival;Open World;Exploration,17,Positive,90155,5413,1446,937,2M to 5M,19.49,95568
239140,Dying Light,2015-01-26,Techland,Techland Publishing,FALSE,FALSE,Full,TRUE,TRUE,Co-op multiplayer,TRUE,FALSE,FALSE,FALSE,FALSE,FALSE,FALSE,FALSE,FALSE,TRUE,TRUE,TRUE,18,Single-player;Multi-player;Co-op;Steam Achievements;Full controller support;Steam Trading Cards;Steam Workshop;Steam Cloud;Valve Anti-Cheat enabled;Includes level editor,Action;RPG,Zombies;Survival;Open World,68,Positive,78192,6176,2033,1299,2M to 5M,24.99,84368
48700,Mount & Blade: Warband,2010-03-31,TaleWorlds Entertainment,TaleWorlds Entertainment,FALSE,FALSE,No,TRUE,TRUE,Multiplayer (Unspecified),TRUE,FALSE,FALSE,FALSE,FALSE,FALSE,TRUE,FALSE,FALSE,TRUE,TRUE,TRUE,0,Single-player;Multi-player;Steam Achievements;Steam Trading Cards;Steam Workshop,Action;RPG,Medieval;RPG;Open World,80,Extremely Positive,75872,2213,7932,1884,2M to 5M,14.99,78085
365590,Tom Clancy’s The Division™,2016-03-07,Massive Entertainment,Ubisoft,FALSE,FALSE,No,FALSE,TRUE,Co-op multiplayer,TRUE,FALSE,FALSE,FALSE,FALSE,TRUE,FALSE,FALSE,FALSE,TRUE,FALSE,FALSE,18,Single-player;Multi-player;Co-op;Steam Trading Cards;In-App Purchases,Action;Adventure;RPG,Open World;Multiplayer;Third-Person Shooter,0,Mostly Positive,49832,25607,4252,1952,2M to 5M,41.99,75439
22380,Fallout: New Vegas,2010-10-21,Obsidian Entertainment,Bethesda Softworks,FALSE,FALSE,No,FALSE,TRUE,No multiplayer,TRUE,FALSE,FALSE,FALSE,FALSE,FALSE,TRUE,FALSE,FALSE,TRUE,FALSE,FALSE,18,Single-player;Steam Achievements;Partial Controller Support;Steam Leaderboards,Action;RPG,Open World;RPG;Post-apocalyptic,75,Extremely Positive,66756,3149,2485,1431,2M to 5M,7.99,69905
489830,The Elder Scrolls V: Skyrim Special Edition,2016-10-27,Bethesda Game Studios,Bethesda Softworks,FALSE,FALSE,No,FALSE,TRUE,No multiplayer,TRUE,FALSE,FALSE,FALSE,FALSE,FALSE,TRUE,FALSE,FALSE,TRUE,FALSE,FALSE,18,Single-player;Steam Achievements;Partial Controller Support;Steam Cloud,RPG,Open World;RPG;Adventure,75,Positive,47749,14719,2418,821,2M to 5M,29.99,62468
304050,Trove,2015-07-09,Trion Worlds,Trion Worlds,TRUE,FALSE,No,TRUE,FALSE,Online + Co-op,TRUE,FALSE,FALSE,FALSE,FALSE,FALSE,FALSE,FALSE,FALSE,TRUE,TRUE,FALSE,0,Online Multi-Player;MMO;Co-op;Steam Achievements;Steam Trading Cards;Steam Workshop;In-App Purchases,Action;Adventure;Casual;Free to Play;Massively Multiplayer;RPG,Free to Play;Open World;Multiplayer,16,Positive,47897,13708,2602,184,5M to 10M,0,61605
206420,Saints Row IV,2013-08-22,Deep Silver Volition,Deep Silver,FALSE,FALSE,Full,TRUE,TRUE,Co-op multiplayer,TRUE,FALSE,FALSE,FALSE,FALSE,FALSE,FALSE,FALSE,FALSE,TRUE,FALSE,TRUE,16,Single-player;Co-op;Steam Achievements;Full controller support;Steam Trading Cards;Steam Workshop;Steam Cloud,Action;Adventure,Open World;Action;Comedy,73,Positive,54091,4945,1279,1094,2M to 5M,10.99,59036
12210,Grand Theft Auto IV,2008-12-02,Rockstar North;Rockstar Toronto,Rockstar Games,FALSE,FALSE,No,FALSE,TRUE,Multiplayer (Unspecified),TRUE,FALSE,FALSE,FALSE,FALSE,FALSE,FALSE,FALSE,FALSE,TRUE,FALSE,FALSE,0,Single-player;Multi-player;Partial Controller Support,Action;Adventure,Open World;Action;Bowling,0,Mostly Positive,35240,18926,1255,634,2M to 5M,19.99,54166
220240,Far Cry 3,2012-11-28,"Ubisoft Montreal, Massive Entertainment, and Ubisoft Shanghai",Ubisoft,FALSE,FALSE,No,FALSE,TRUE,Co-op multiplayer,TRUE,FALSE,FALSE,FALSE,FALSE,TRUE,FALSE,FALSE,FALSE,TRUE,FALSE,FALSE,0,Single-player;Multi-player;Co-op;Partial Controller Support,Action;Adventure,Open World;FPS;Action,0,Positive,46331,5622,836,794,2M to 5M,16.99,51953
225540,Just Cause™ 3,2015-11-30,Avalanche Studios,Square Enix,FALSE,FALSE,Full,FALSE,TRUE,No multiplayer,TRUE,FALSE,FALSE,FALSE,FALSE,FALSE,FALSE,FALSE,FALSE,TRUE,FALSE,FALSE,18,Single-player;Steam Achievements;Full controller support;Steam Trading Cards,Action;Adventure,Open World;Action;Destruction,66,Mostly Positive,37747,14024,2086,438,2M to 5M,11.99,51771
305620,The Long Dark,2017-08-01,Hinterland Studio Inc.,Hinterland Studio Inc.,FALSE,FALSE,Full,FALSE,TRUE,No multiplayer,TRUE,FALSE,FALSE,FALSE,FALSE,FALSE,FALSE,FALSE,FALSE,TRUE,TRUE,TRUE,0,Single-player;Steam Achievements;Full controller support;Steam Trading Cards;Steam Cloud,Adventure;Indie;Simulation;Strategy,Survival;Open World;Exploration,40,Positive,45856,4298,760,227,1M to 2M,23.79,50154
55230,Saints Row: The Third,2011-11-17,Volition,Deep Silver,FALSE,FALSE,No,FALSE,TRUE,Co-op multiplayer,TRUE,FALSE,FALSE,FALSE,FALSE,FALSE,FALSE,FALSE,FALSE,TRUE,FALSE,TRUE,18,Single-player;Co-op;Steam Achievements;Steam Trading Cards;Partial Controller Support;Steam Cloud,Action,Open World;Action;Comedy,83,Extremely Positive,44810,1877,1848,1033,2M to 5M,6.99,46687
208650,Batman™: Arkham Knight,2015-06-23,Rocksteady Studios,Warner Bros. Interactive Entertainment,FALSE,FALSE,Full,FALSE,TRUE,No multiplayer,TRUE,FALSE,FALSE,FALSE,FALSE,FALSE,FALSE,FALSE,FALSE,TRUE,FALSE,FALSE,18,Single-player;Steam Achievements;Full controller support;Steam Trading Cards;Steam Cloud;Steam Leaderboards,Action;Adventure,Batman;Action;Open World,113,Mostly Positive,33121,12981,1266,1296,1M to 2M,15.99,46102
306130,The Elder Scrolls® Online,2017-05-22,Zenimax Online Studios,Bethesda Softworks,FALSE,FALSE,No,FALSE,FALSE,Online only,TRUE,FALSE,FALSE,FALSE,FALSE,FALSE,TRUE,FALSE,FALSE,TRUE,TRUE,FALSE,18,MMO;Steam Trading Cards;Partial Controller Support,Massively Multiplayer;RPG,RPG;Open World;MMORPG,0,Mostly Positive,33719,11672,10659,3143,1M to 2M,14.99,45391
287700,METAL GEAR SOLID V: THE PHANTOM PAIN,2015-09-01,Konami Digital Entertainment,Konami Digital Entertainment,FALSE,FALSE,Full,FALSE,TRUE,Multiplayer (Unspecified),TRUE,FALSE,FALSE,FALSE,FALSE,FALSE,FALSE,FALSE,FALSE,TRUE,FALSE,FALSE,18,Single-player;Multi-player;Steam Achievements;Full controller support;Steam Trading Cards;Captions available;Steam Cloud;Steam Leaderboards,Action;Adventure,Stealth;Open World;Story Rich,42,Positive,38643,4954,3007,2478,1M to 2M,24.99,43597
234140,Mad Max,2015-09-01,Avalanche Studios;Feral Interactive (Mac);Feral Interactive (Linux),Warner Bros. Interactive Entertainment;Feral Interactive (Mac);Feral Interactive (Linux),FALSE,FALSE,Full,FALSE,TRUE,No multiplayer,TRUE,FALSE,FALSE,FALSE,FALSE,FALSE,FALSE,FALSE,FALSE,TRUE,TRUE,TRUE,18,Single-player;Steam Achievements;Full controller support;Steam Trading Cards;Steam Cloud,Action;Adventure,Open World;Action;Post-apocalyptic,49,Positive,36222,3811,1030,699,2M to 5M,15.99,40033
379430,Kingdom Come: Deliverance,2018-02-13,Warhorse Studios,Warhorse Studios;Deep Silver,FALSE,FALSE,Full,FALSE,TRUE,No multiplayer,TRUE,FALSE,FALSE,FALSE,FALSE,FALSE,TRUE,FALSE,FALSE,TRUE,FALSE,FALSE,0,Single-player;Steam Achievements;Full controller support;Steam Trading Cards;Steam Cloud,Action;Adventure;RPG,Medieval;Open World;RPG,71,Positive,30024,9307,2106,2282,1M to 2M,29.99,39331
582160,Assassin's Creed® Origins,2017-10-26,Ubisoft Montreal,Ubisoft,FALSE,FALSE,No,FALSE,TRUE,No multiplayer,TRUE,FALSE,FALSE,FALSE,FALSE,FALSE,FALSE,FALSE,FALSE,TRUE,FALSE,FALSE,0,Single-player;Steam Achievements;Steam Trading Cards;Captions available;In-App Purchases;Partial Controller Support,Action;Adventure;RPG,Open World;Assassin;Action,67,Positive,31644,6007,2908,3143,1M to 2M,49.99,37651
359320,Elite Dangerous,2015-04-02,Frontier Developments,Frontier Developments,FALSE,FALSE,No,FALSE,TRUE,Online only,TRUE,FALSE,FALSE,FALSE,FALSE,FALSE,FALSE,FALSE,FALSE,TRUE,FALSE,FALSE,0,Single-player;Multi-player;MMO;Co-op;VR Support;Partial Controller Support,Action;Adventure;Massively Multiplayer;RPG;Simulation;Strategy,Space Sim;Space;Open World,0,Mostly Positive,26143,11006,4545,2579,1M to 2M,19.99,37149
8190,Just Cause 2,2010-03-23,Avalanche Studios,Square Enix,FALSE,FALSE,Full,FALSE,TRUE,No multiplayer,TRUE,FALSE,FALSE,FALSE,FALSE,FALSE,FALSE,FALSE,FALSE,TRUE,FALSE,FALSE,18,Single-player;Steam Achievements;Full controller support;Steam Cloud,Action;Adventure,Open World;Action;Sandbox,50,Positive,33636,3231,519,272,2M to 5M,9.99,36867
460930,Tom Clancy's Ghost Recon® Wildlands,2017-03-06,Ubisoft Paris;Ubisoft Annecy;Ubisoft Bucharest;Ubisoft Montpellier;Ubisoft Milan;Reflections;Ubisoft Belgrade,Ubisoft,FALSE,FALSE,No,FALSE,TRUE,Co-op multiplayer,TRUE,FALSE,FALSE,FALSE,FALSE,TRUE,FALSE,FALSE,FALSE,TRUE,FALSE,FALSE,0,Single-player;Multi-player;Co-op;Steam Trading Cards;In-App Purchases;Partial Controller Support,Action;Adventure,Open World;Shooter;Action,0,Mostly Positive,26547,9944,1987,1242,1M to 2M,41.99,36491
552520,Far Cry® 5,2018-03-26,Ubisoft Montreal;Red Storm;Ubisoft Shanghai;Ubisoft Toronto;Ubisoft Kiev,Ubisoft,FALSE,FALSE,No,FALSE,TRUE,Co-op multiplayer,TRUE,FALSE,FALSE,FALSE,FALSE,TRUE,FALSE,FALSE,FALSE,TRUE,FALSE,FALSE,0,Single-player;Multi-player;Co-op;Steam Trading Cards;Captions available;In-App Purchases;Partial Controller Support;Includes level editor,Action;Adventure,Open World;Action;FPS,0,Mostly Positive,23373,11081,1869,1694,500k to 1M,49.99,34454
361420,ASTRONEER,2019-02-05,System Era Softworks,System Era Softworks,FALSE,FALSE,Full,FALSE,TRUE,Co-op multiplayer,TRUE,FALSE,FALSE,FALSE,FALSE,FALSE,FALSE,FALSE,FALSE,TRUE,FALSE,FALSE,0,Single-player;Online Co-op;Full controller support,Adventure;Indie,Open World;Survival;Multiplayer,54,Positive,28375,5246,1213,1089,1M to 2M,23.79,33621
50130,Mafia II,2011-03-22,2K Czech;Feral Interactive (Mac),2K;Feral Interactive (Mac),FALSE,FALSE,No,FALSE,TRUE,No multiplayer,TRUE,FALSE,FALSE,FALSE,FALSE,FALSE,FALSE,FALSE,FALSE,TRUE,TRUE,FALSE,18,Single-player;Steam Achievements;Partial Controller Support,Action,Action;Open World;Crime,67,Positive,31445,1855,1029,988,2M to 5M,19.99,33300
113400,APB Reloaded,2011-12-06,Little Orbit,Little Orbit,TRUE,FALSE,No,FALSE,FALSE,Online only,TRUE,FALSE,FALSE,FALSE,FALSE,FALSE,FALSE,FALSE,FALSE,TRUE,FALSE,FALSE,0,Multi-player;MMO;Steam Achievements,Action;Free to Play;Massively Multiplayer,Free to Play;Open World;Action,60,Mostly Positive,20028,11779,3835,302,5M to 10M,0,31807
440900,Conan Exiles,2018-05-08,Funcom,Funcom,FALSE,FALSE,Full,TRUE,TRUE,Online + Co-op,TRUE,FALSE,FALSE,FALSE,FALSE,FALSE,FALSE,FALSE,FALSE,TRUE,FALSE,FALSE,18,Single-player;Multi-player;Online Multi-Player;Co-op;Online Co-op;Steam Achievements;Full controller support;Steam Trading Cards;Steam Workshop,Action;Adventure;Massively Multiplayer;RPG;Simulation;Strategy,Survival;Open World;Crafting,25,Mostly Positive,22001,9594,4431,5167,500k to 1M,33.99,31595
12120,Grand Theft Auto: San Andreas,2008-01-04,Rockstar Games,Rockstar Games,FALSE,FALSE,No,FALSE,TRUE,No multiplayer,TRUE,FALSE,FALSE,FALSE,FALSE,FALSE,FALSE,FALSE,FALSE,TRUE,FALSE,FALSE,18,Single-player,Action,Open World;Action;Multiplayer,0,Positive,26877,3243,807,249,2M to 5M,9.99,30120
270880,American Truck Simulator,2016-02-02,SCS Software,SCS Software,FALSE,FALSE,No,TRUE,TRUE,No multiplayer,TRUE,FALSE,FALSE,FALSE,FALSE,FALSE,FALSE,FALSE,FALSE,TRUE,TRUE,TRUE,0,Single-player;Steam Achievements;Steam Trading Cards;Steam Workshop;Partial Controller Support;Steam Cloud;Includes level editor,Indie;Simulation,Simulation;Driving;Open World,43,Positive,25316,2096,2086,1694,1M to 2M,14.99,27412
242050,Assassin’s Creed® IV Black Flag™,2013-11-19,Ubisoft Montreal,Ubisoft,FALSE,FALSE,No,FALSE,TRUE,Multiplayer (Unspecified),TRUE,FALSE,FALSE,FALSE,FALSE,FALSE,FALSE,FALSE,FALSE,TRUE,FALSE,FALSE,0,Single-player;Multi-player;In-App Purchases,Action;Adventure,Pirates;Open World;Action,0,Positive,23904,3362,3234,1761,1M to 2M,16.99,27266
200260,Batman: Arkham City - Game of the Year Edition,2012-09-07,Rocksteady Studios;Feral Interactive (Mac),Warner Bros. Interactive Entertainment;Feral Interactive (Mac),FALSE,FALSE,No,FALSE,TRUE,No multiplayer,TRUE,FALSE,FALSE,FALSE,FALSE,FALSE,FALSE,FALSE,FALSE,TRUE,TRUE,FALSE,0,Single-player;Steam Achievements;Steam Trading Cards;Partial Controller Support;Steam Cloud,Action;Adventure,Action;Open World;Batman,64,Extremely Positive,25995,1255,1554,618,2M to 5M,14.99,27250
360430,Mafia III,2016-10-06,Hangar 13;Aspyr (Mac),2K;Aspyr (Mac),FALSE,FALSE,Full,FALSE,TRUE,No multiplayer,TRUE,FALSE,FALSE,FALSE,FALSE,FALSE,FALSE,FALSE,FALSE,TRUE,TRUE,FALSE,18,Single-player;Steam Achievements;Full controller support;Steam Trading Cards;Steam Cloud,Sexual Content;Nudity;Violent;Gore;Action;Adventure,Crime;Open World;Action,85,Mostly Negative,13366,13650,564,548,1M to 2M,34.99,27016
447040,Watch_Dogs® 2,2016-11-28,Ubisoft,Ubisoft,FALSE,FALSE,No,FALSE,TRUE,Co-op multiplayer,TRUE,FALSE,FALSE,FALSE,FALSE,FALSE,FALSE,FALSE,FALSE,TRUE,FALSE,FALSE,0,Single-player;Co-op;In-App Purchases;Partial Controller Support,Action;Adventure,Illuminati;Open World;Hacking,0,Positive,20905,5366,1231,1342,500k to 1M,49.99,26271
356190,Middle-earth™: Shadow of War™,2017-10-09,Monolith Productions,WB Games,FALSE,FALSE,Full,FALSE,TRUE,No multiplayer,TRUE,FALSE,FALSE,FALSE,FALSE,FALSE,TRUE,FALSE,FALSE,TRUE,FALSE,FALSE,18,Single-player;Steam Achievements;Full controller support;Steam Trading Cards;In-App Purchases;Steam Cloud,Action;Adventure;RPG,Open World;Action;RPG,72,Positive,19813,5633,1587,1265,1M to 2M,34.99,25446
812140,Assassin's Creed® Odyssey,2018-10-05,Ubisoft Quebec;Ubisoft Montreal;Ubisoft Bucharest;Ubisoft Singapore;Ubisoft Montpellier;Ubisoft Kiev;Ubisoft Shanghai,Ubisoft,FALSE,FALSE,No,FALSE,TRUE,No multiplayer,TRUE,FALSE,FALSE,FALSE,FALSE,FALSE,TRUE,FALSE,FALSE,TRUE,FALSE,FALSE,0,Single-player;Steam Achievements;Steam Trading Cards;Captions available;In-App Purchases;Partial Controller Support,Action;Adventure;RPG,Open World;Action;RPG,82,Positive,20771,4528,3151,3581,1M to 2M,49.99,25299
299740,Miscreated,2018-12-18,Entrada Interactive LLC,Entrada Interactive LLC,FALSE,FALSE,No,FALSE,FALSE,Online only,TRUE,FALSE,FALSE,FALSE,FALSE,FALSE,FALSE,FALSE,FALSE,TRUE,FALSE,FALSE,0,Multi-player;Online Multi-Player;MMO;Steam Achievements;Steam Trading Cards;Partial Controller Support;Valve Anti-Cheat enabled,Action;Adventure;Indie;Massively Multiplayer;RPG;Simulation;Strategy,Survival;Open World;Multiplayer,29,Mostly Positive,17255,7903,619,675,500k to 1M,19.49,25158
834910,ATLAS,2018-12-22,Grapeshot Games;Instinct Games,Grapeshot Games,FALSE,FALSE,No,TRUE,FALSE,Online + Co-op,TRUE,FALSE,FALSE,FALSE,FALSE,FALSE,FALSE,FALSE,FALSE,TRUE,FALSE,FALSE,0,Online Multi-Player;MMO;Co-op;Online Co-op;Steam Workshop;Partial Controller Support;Includes level editor,Action;Adventure;Massively Multiplayer;RPG;Early Access,Early Access;Survival;Open World,0,Negative,8621,16359,2755,3575,1M to 2M,23.79,24980
513710,SCUM,2018-08-29,Gamepires;Croteam,Devolver Digital,FALSE,FALSE,No,FALSE,TRUE,Online + Co-op,TRUE,FALSE,FALSE,FALSE,FALSE,FALSE,FALSE,FALSE,FALSE,TRUE,FALSE,FALSE,0,Single-player;Online Multi-Player;Online Co-op;Steam Achievements;Steam Trading Cards,Action;Adventure;Indie;Massively Multiplayer;Early Access,Early Access;Survival;Open World,36,Mostly Positive,15934,8556,1264,594,1M to 2M,15.49,24490
209000,Batman™: Arkham Origins,2013-10-24,WB Games Montreal;Splash Damage,Warner Bros. Interactive Entertainment,FALSE,FALSE,Full,FALSE,TRUE,No multiplayer,TRUE,FALSE,FALSE,FALSE,FALSE,FALSE,FALSE,FALSE,FALSE,TRUE,FALSE,FALSE,16,Single-player;Steam Achievements;Full controller support;Steam Trading Cards;Steam Cloud;Steam Leaderboards,Action;Adventure,Action;Batman;Open World,60,Positive,20365,3519,538,443,2M to 5M,0,23884
243470,Watch_Dogs™,2014-05-26,Ubisoft,Ubisoft,FALSE,FALSE,No,FALSE,TRUE,Multiplayer (Unspecified),TRUE,FALSE,FALSE,FALSE,FALSE,FALSE,FALSE,FALSE,FALSE,TRUE,FALSE,FALSE,0,Single-player;Multi-player;Steam Trading Cards;Partial Controller Support,Action;Adventure,Open World;Hacking;Action,0,Mostly Positive,15159,7383,1176,1343,500k to 1M,25.99,22542
22370,Fallout 3: Game of the Year Edition,2009-12-17,Bethesda Game Studios,Bethesda Softworks,FALSE,FALSE,No,FALSE,TRUE,No multiplayer,TRUE,FALSE,FALSE,FALSE,FALSE,FALSE,TRUE,FALSE,FALSE,TRUE,FALSE,FALSE,0,Single-player,RPG,Open World;RPG;Post-apocalyptic,0,Positive,17742,4495,1242,1076,2M to 5M,14.99,22237
298110,Far Cry® 4,2014-12-01,"Ubisoft Montreal, Red Storm, Shanghai, Toronto, Kiev",Ubisoft,FALSE,FALSE,No,FALSE,TRUE,Co-op multiplayer,TRUE,FALSE,FALSE,FALSE,FALSE,TRUE,FALSE,FALSE,FALSE,TRUE,FALSE,FALSE,0,Single-player;Multi-player;Co-op;Partial Controller Support,Action;Adventure,Open World;Action;FPS,0,Positive,17082,4740,1062,977,1M to 2M,25.99,21822
313120,Stranded Deep,2015-01-23,Beam Team Games,Beam Team Pty Ltd,FALSE,FALSE,Full,FALSE,TRUE,No multiplayer,TRUE,FALSE,FALSE,FALSE,FALSE,FALSE,FALSE,FALSE,FALSE,TRUE,TRUE,TRUE,0,Single-player;Full controller support;Includes level editor,Adventure;Indie;Early Access,Early Access;Survival;Open World,8,Mostly Positive,15604,5459,272,246,500k to 1M,10.99,21063
393420,Hurtworld,2015-12-03,Bankroll Studios,Bankroll Studios,FALSE,FALSE,No,FALSE,FALSE,Co-op multiplayer,TRUE,FALSE,FALSE,FALSE,FALSE,FALSE,FALSE,FALSE,FALSE,TRUE,TRUE,FALSE,0,Multi-player;Co-op;Cross-Platform Multiplayer,Action;Adventure;Simulation;Early Access,Early Access;Survival;Open World,0,Mostly Positive,15574,5362,5439,7099,500k to 1M,19.49,20936
518790,theHunter: Call of the Wild™,2017-02-16,Expansive Worlds,Avalanche Studios,FALSE,FALSE,No,FALSE,TRUE,Multiplayer (Unspecified),TRUE,FALSE,FALSE,FALSE,FALSE,FALSE,FALSE,FALSE,FALSE,TRUE,FALSE,FALSE,0,Single-player;Multi-player;Steam Achievements;Steam Cloud,Adventure;Simulation;Sports,Hunting;Open World;Multiplayer,133,Positive,15716,4308,1409,867,500k to 1M,19.99,20024
289650,Assassin's Creed® Unity,2014-12-19,Ubisoft,Ubisoft,FALSE,FALSE,No,FALSE,TRUE,Co-op multiplayer,TRUE,FALSE,FALSE,FALSE,FALSE,FALSE,FALSE,FALSE,FALSE,TRUE,FALSE,FALSE,0,Single-player;Multi-player;Co-op;In-App Purchases;Partial Controller Support,Action;Adventure,Open World;Parkour;Assassin,0,Mostly Positive,12350,7354,1686,1790,500k to 1M,25.99,19704
637650,FINAL FANTASY XV WINDOWS EDITION,2018-03-06,Square Enix,Square Enix,FALSE,FALSE,Full,FALSE,TRUE,Online + Co-op,TRUE,FALSE,FALSE,FALSE,FALSE,FALSE,TRUE,FALSE,FALSE,TRUE,FALSE,FALSE,16,Single-player;Multi-player;Online Multi-Player;Online Co-op;Steam Achievements;Full controller support;Steam Trading Cards;Steam Cloud,RPG,RPG;Open World;JRPG,97,Positive,13789,4046,851,701,500k to 1M,34.99,17835
247730,Nether: Resurrected,2014-06-05,Phosphor Games Studio,"Nether Productions, LLC",FALSE,FALSE,No,FALSE,TRUE,Online only,TRUE,FALSE,FALSE,FALSE,FALSE,FALSE,FALSE,FALSE,FALSE,TRUE,FALSE,FALSE,0,Single-player;Multi-player;MMO;Valve Anti-Cheat enabled,Action;Indie;Massively Multiplayer;RPG;Simulation,Survival;Open World;Action,0,Mostly Negative,7456,10167,257,291,500k to 1M,6.99,17623
33230,Assassin's Creed 2 Deluxe Edition,2010-03-04,Ubisoft Montreal,Ubisoft,FALSE,FALSE,No,FALSE,TRUE,No multiplayer,TRUE,FALSE,FALSE,FALSE,FALSE,FALSE,FALSE,FALSE,FALSE,TRUE,FALSE,FALSE,0,Single-player,Action;Adventure,Action;Open World;Adventure,0,Positive,14861,2639,1046,1323,1M to 2M,8.59,17500
307690,Sleeping Dogs: Definitive Edition,2014-10-08,United Front Games;Feral Interactive (Mac),SQUARE ENIX;Feral Interactive (Mac),FALSE,FALSE,Full,FALSE,TRUE,No multiplayer,TRUE,FALSE,FALSE,FALSE,FALSE,FALSE,FALSE,FALSE,FALSE,TRUE,TRUE,FALSE,18,Single-player;Steam Achievements;Full controller support;Steam Leaderboards,Action;Adventure;Racing,Open World;Action;Martial Arts,59,Positive,15529,1904,636,602,1M to 2M,19.99,17433
17390,SPORE™,2008-12-19,Maxis™,Electronic Arts,FALSE,FALSE,No,FALSE,TRUE,No multiplayer,TRUE,FALSE,FALSE,FALSE,FALSE,FALSE,FALSE,FALSE,FALSE,TRUE,FALSE,FALSE,0,Single-player,Simulation,Simulation;Sandbox;Open World,0,Positive,15101,2014,1142,764,2M to 5M,14.99,17115
110800,L.A. Noire,2011-11-08,Team Bondi;Rockstar Leeds,Rockstar Games,FALSE,FALSE,No,FALSE,TRUE,No multiplayer,TRUE,FALSE,FALSE,FALSE,FALSE,FALSE,FALSE,FALSE,FALSE,TRUE,FALSE,FALSE,18,Single-player;Steam Achievements;Partial Controller Support,Adventure;Strategy,Detective;Crime;Open World,60,Positive,14096,2315,428,478,1M to 2M,19.99,16411
582660,Black Desert Online,2017-05-24,Pearl Abyss,Kakao Games Europe B.V.,FALSE,FALSE,No,FALSE,FALSE,Online + Co-op,TRUE,FALSE,FALSE,FALSE,FALSE,FALSE,TRUE,FALSE,FALSE,TRUE,FALSE,FALSE,0,Online Multi-Player;MMO;Online Co-op;Steam Trading Cards;In-App Purchases;Partial Controller Support,Action;Adventure;Massively Multiplayer;RPG;Simulation;Strategy,Massively Multiplayer;MMORPG;Open World,0,Mostly Positive,10337,5759,15507,3322,1M to 2M,7.99,16096
22330,The Elder Scrolls IV: Oblivion® Game of the Year Edition,2009-06-16,Bethesda Game Studios,Bethesda Softworks,FALSE,FALSE,No,FALSE,TRUE,No multiplayer,TRUE,FALSE,FALSE,FALSE,FALSE,FALSE,TRUE,FALSE,FALSE,TRUE,FALSE,FALSE,0,Single-player;Steam Cloud,RPG,Open World;RPG;Fantasy,0,Positive,13827,826,1307,630,1M to 2M,12.99,14653
367500,Dragon's Dogma: Dark Arisen,2016-01-15,Capcom,Capcom,FALSE,FALSE,Full,FALSE,TRUE,No multiplayer,TRUE,FALSE,FALSE,FALSE,FALSE,FALSE,TRUE,FALSE,FALSE,TRUE,FALSE,FALSE,0,Single-player;Steam Achievements;Full controller support;Steam Trading Cards;Steam Cloud;Steam Leaderboards,Action;Adventure;RPG,RPG;Open World;Character Customization,59,Positive,12856,1688,1355,1137,1M to 2M,23.99,14544
47870,Need For Speed: Hot Pursuit,2010-12-14,Criterion Games,Electronic Arts,FALSE,FALSE,No,FALSE,TRUE,Multiplayer (Unspecified),TRUE,FALSE,FALSE,FALSE,FALSE,FALSE,FALSE,FALSE,FALSE,TRUE,FALSE,FALSE,0,Single-player;Multi-player,Racing,Racing;Multiplayer;Open World,0,Positive,11405,2775,467,415,1M to 2M,14.99,14180
241560,The Crew™,2014-12-19,Ivory Tower in collaboration with Ubisoft Reflections,Ubisoft,FALSE,FALSE,No,FALSE,TRUE,Online only,TRUE,FALSE,FALSE,FALSE,FALSE,FALSE,FALSE,FALSE,FALSE,TRUE,FALSE,FALSE,0,Single-player;Multi-player;MMO;In-App Purchases;Partial Controller Support,Action;Massively Multiplayer;Racing,Racing;Open World;Multiplayer,0,Mostly Positive,9479,4636,657,725,200k to 500k,25.99,14115
344760,Reign Of Kings,2015-12-15,Code}{atch,Code}{atch,FALSE,FALSE,No,FALSE,FALSE,Multiplayer (Unspecified),TRUE,FALSE,FALSE,FALSE,FALSE,FALSE,FALSE,FALSE,FALSE,TRUE,FALSE,FALSE,0,Multi-player,Action;Adventure;Indie;RPG;Simulation,Survival;Open World;Medieval,0,Mostly Positive,8076,5997,3498,3322,200k to 500k,7.19,14073
383120,Empyrion - Galactic Survival,2015-08-05,Eleon Game Studios,Eleon Game Studios,FALSE,FALSE,No,TRUE,TRUE,Co-op multiplayer,TRUE,FALSE,FALSE,FALSE,FALSE,FALSE,FALSE,FALSE,FALSE,TRUE,FALSE,FALSE,0,Single-player;Multi-player;Co-op;Steam Workshop;Partial Controller Support,Adventure;Indie;Simulation;Strategy;Early Access,Early Access;Survival;Open World,0,Positive,11061,2777,495,739,500k to 1M,14.99,13838
374040,Portal Knights,2017-05-18,Keen Games,505 Games,FALSE,FALSE,No,TRUE,TRUE,Co-op multiplayer,TRUE,FALSE,FALSE,FALSE,FALSE,FALSE,FALSE,FALSE,FALSE,TRUE,FALSE,FALSE,0,Single-player;Multi-player;Co-op;Steam Achievements;Steam Workshop;Partial Controller Support;Steam Cloud,Action;Adventure;RPG,Adventure;Open World;Sandbox,29,Positive,10837,2531,1241,1247,500k to 1M,14.99,13368
259080,Just Cause 2: Multiplayer Mod,2013-12-16,Avalanche Studios,Square Enix,FALSE,FALSE,No,FALSE,TRUE,Multiplayer (Unspecified),TRUE,FALSE,FALSE,FALSE,FALSE,FALSE,FALSE,FALSE,FALSE,TRUE,FALSE,FALSE,0,Single-player;Multi-player;Steam Achievements;Partial Controller Support,Action;Adventure,Open World;Multiplayer;Action,20,Positive,12261,1099,431,223,1M to 2M,0,13360
22300,Fallout 3,2008-10-28,Bethesda Game Studios,Bethesda Softworks,FALSE,FALSE,No,FALSE,TRUE,No multiplayer,TRUE,FALSE,FALSE,FALSE,FALSE,FALSE,TRUE,FALSE,FALSE,TRUE,FALSE,FALSE,0,Single-player;Partial Controller Support,RPG,Open World;Post-apocalyptic;RPG,0,Positive,9921,2709,588,617,500k to 1M,7.99,12630
9480,Saints Row 2,2009-01-07,Volition,Deep Silver,FALSE,FALSE,No,FALSE,TRUE,No multiplayer,TRUE,FALSE,FALSE,FALSE,FALSE,FALSE,FALSE,FALSE,FALSE,TRUE,FALSE,TRUE,0,Single-player;Steam Cloud,Action,Open World;Action;Character Customization,0,Positive,9442,2881,322,81,2M to 5M,9.99,12323
224600,Defiance,2014-06-04,Trion Worlds,Trion Worlds,TRUE,FALSE,No,FALSE,FALSE,Online only,TRUE,FALSE,FALSE,FALSE,FALSE,FALSE,FALSE,FALSE,FALSE,TRUE,FALSE,FALSE,18,Multi-player;MMO;Co-op;Steam Trading Cards;Partial Controller Support,Action;Free to Play;Massively Multiplayer;RPG,Free to Play;Action;Open World,0,Positive,9150,2808,953,324,2M to 5M,0,11958
666140,My Time At Portia,2019-01-15,Pathea Games,Team17 Digital Ltd,FALSE,FALSE,Full,FALSE,TRUE,No multiplayer,TRUE,FALSE,FALSE,FALSE,FALSE,FALSE,TRUE,FALSE,FALSE,TRUE,FALSE,FALSE,0,Single-player;Steam Achievements;Full controller support;Steam Trading Cards;Steam Cloud,Adventure;Casual;Indie;RPG;Simulation,Open World;Crafting;RPG,91,Positive,10695,1108,2094,2114,500k to 1M,24.99,11803
332310,LEGO® Worlds,2017-03-07,TT Games;Traveller's Tales,Warner Bros. Interactive Entertainment,FALSE,FALSE,Full,FALSE,TRUE,Online + Co-op,TRUE,FALSE,FALSE,FALSE,FALSE,FALSE,FALSE,FALSE,FALSE,TRUE,FALSE,FALSE,0,Single-player;Online Multi-Player;Online Co-op;Shared/Split Screen;Steam Achievements;Full controller support,Adventure,LEGO;Open World;Building,71,Positive,9013,2738,723,783,500k to 1M,24.99,11751
4500,S.T.A.L.K.E.R.: Shadow of Chernobyl,2007-03-20,GSC Game World,GSC Game World,FALSE,FALSE,No,FALSE,TRUE,Multiplayer (Unspecified),TRUE,FALSE,FALSE,FALSE,FALSE,FALSE,FALSE,FALSE,FALSE,TRUE,FALSE,FALSE,0,Single-player;Multi-player,Action;RPG,Atmospheric;Post-apocalyptic;Open World,0,Extremely Positive,11039,570,493,360,1M to 2M,9.99,11609
223100,Homefront®: The Revolution,2016-05-19,Dambuster Studios,Deep Silver,FALSE,FALSE,Full,FALSE,TRUE,Co-op multiplayer,TRUE,FALSE,FALSE,FALSE,FALSE,TRUE,FALSE,FALSE,FALSE,TRUE,FALSE,FALSE,18,Single-player;Co-op;Steam Achievements;Full controller support;Steam Trading Cards;Captions available;Stats,Violent;Action;Adventure,Action;FPS;Open World,74,Mostly Positive,6396,5102,408,484,500k to 1M,24.99,11498
313160,Farming Simulator 15,2014-10-30,Giants Software,Giants Software,FALSE,FALSE,No,FALSE,TRUE,Co-op multiplayer,TRUE,FALSE,FALSE,FALSE,FALSE,FALSE,FALSE,FALSE,FALSE,TRUE,TRUE,FALSE,0,Single-player;Multi-player;Co-op;Cross-Platform Multiplayer;Steam Achievements;Steam Trading Cards;Partial Controller Support;Steam Cloud,Simulation,Simulation;Multiplayer;Open World,16,Positive,10219,1066,1902,2660,500k to 1M,15.49,11285
24740,Burnout Paradise: The Ultimate Box,2009-03-12,Criterion Games,Electronic Arts,FALSE,FALSE,No,FALSE,TRUE,Multiplayer (Unspecified),TRUE,FALSE,FALSE,FALSE,FALSE,FALSE,FALSE,FALSE,FALSE,TRUE,FALSE,FALSE,0,Single-player;Multi-player,Racing,Racing;Open World;Multiplayer,0,Positive,9739,1487,431,576,1M to 2M,9.99,11226
371660,Far Cry® Primal,2016-02-29,Ubisoft,Ubisoft,FALSE,FALSE,No,FALSE,TRUE,No multiplayer,TRUE,FALSE,FALSE,FALSE,FALSE,FALSE,FALSE,FALSE,FALSE,TRUE,FALSE,FALSE,18,Single-player;Steam Trading Cards;Partial Controller Support,Action;Adventure,Open World;Survival;Action,0,Positive,8428,2633,949,923,500k to 1M,41.99,11061
233860,Kenshi,2018-12-06,Lo-Fi Games,Lo-Fi Games,FALSE,FALSE,No,TRUE,TRUE,No multiplayer,TRUE,FALSE,FALSE,FALSE,FALSE,FALSE,TRUE,FALSE,FALSE,TRUE,FALSE,FALSE,0,Single-player;Steam Workshop;Includes level editor,Action;Indie;RPG;Simulation;Strategy,Open World;Sandbox;RPG,0,Positive,9512,1171,1756,2026,200k to 500k,22.99,10683
41700,S.T.A.L.K.E.R.: Call of Pripyat,2010-02-11,GSC Game World,GSC Game World,FALSE,FALSE,No,FALSE,TRUE,Multiplayer (Unspecified),TRUE,FALSE,FALSE,FALSE,FALSE,FALSE,FALSE,FALSE,FALSE,TRUE,FALSE,FALSE,0,Single-player;Multi-player,Action;RPG,Open World;Atmospheric;Post-apocalyptic,0,Extremely Positive,10172,470,1969,3186,1M to 2M,12.99,10642
12110,Grand Theft Auto: Vice City,2011-01-10,Rockstar Games,Rockstar Games,FALSE,FALSE,No,FALSE,TRUE,No multiplayer,TRUE,FALSE,FALSE,FALSE,FALSE,FALSE,FALSE,FALSE,FALSE,TRUE,FALSE,FALSE,18,Single-player;Partial Controller Support,Action,Open World;Action;1980s,0,Positive,9817,819,209,93,2M to 5M,5.99,10636
460920,Steep™,2016-12-02,Ubisoft Annecy;Ubisoft Montpellier;Ubisoft Kiev,Ubisoft,FALSE,FALSE,No,FALSE,TRUE,Online only,TRUE,FALSE,FALSE,FALSE,FALSE,FALSE,FALSE,FALSE,TRUE,TRUE,FALSE,FALSE,0,Single-player;Online Multi-Player;Steam Trading Cards;In-App Purchases;Partial Controller Support,Action;Sports,Sports;Open World;Multiplayer,0,Mostly Positive,7802,2603,724,602,500k to 1M,25.99,10405
265550,Dead Rising 3 Apocalypse Edition,2014-09-05,Capcom Game Studio Vancouver,Capcom,FALSE,FALSE,Full,FALSE,TRUE,Co-op multiplayer,TRUE,FALSE,FALSE,FALSE,FALSE,FALSE,FALSE,FALSE,FALSE,TRUE,FALSE,FALSE,18,Single-player;Multi-player;Co-op;Steam Achievements;Full controller support;Steam Trading Cards;Captions available;Steam Cloud;Steam Leaderboards,Action,Zombies;Action;Open World,88,Mostly Positive,7251,3060,596,522,500k to 1M,24.99,10311
12200,Bully: Scholarship Edition,2008-10-21,Rockstar New England,Rockstar Games,FALSE,FALSE,No,FALSE,TRUE,No multiplayer,TRUE,FALSE,FALSE,FALSE,FALSE,FALSE,FALSE,FALSE,FALSE,TRUE,FALSE,FALSE,0,Single-player;Partial Controller Support,Action;Adventure,Open World;Action;Adventure,0,Positive,8504,1764,319,225,1M to 2M,9.99,10268
22320,The Elder Scrolls III: Morrowind® Game of the Year Edition,2009-06-16,Bethesda Game Studios,Bethesda Softworks,FALSE,FALSE,No,FALSE,TRUE,No multiplayer,TRUE,FALSE,FALSE,FALSE,FALSE,FALSE,TRUE,FALSE,FALSE,TRUE,FALSE,FALSE,0,Single-player;Steam Cloud,RPG,RPG;Open World;Fantasy,0,Positive,9571,540,1135,1183,1M to 2M,12.99,10111
411300,ELEX,2017-10-17,Piranha Bytes,THQ Nordic,FALSE,FALSE,Full,FALSE,TRUE,No multiplayer,TRUE,FALSE,FALSE,FALSE,FALSE,FALSE,TRUE,FALSE,FALSE,TRUE,FALSE,FALSE,0,Single-player;Steam Achievements;Full controller support;Steam Trading Cards;Steam Cloud,Action;Adventure;RPG,RPG;Open World;Singleplayer,50,Positive,7388,2427,1932,2218,500k to 1M,39.99,9815
681660,Bless Online,2018-10-23,NEOWIZ BLESS STUDIO,NEOWIZ,TRUE,FALSE,No,FALSE,TRUE,Online + Co-op,TRUE,FALSE,FALSE,FALSE,FALSE,FALSE,TRUE,FALSE,FALSE,TRUE,FALSE,FALSE,0,Single-player;Multi-player;Online Multi-Player;MMO;Co-op;Online Co-op;Steam Achievements;Steam Trading Cards;In-App Purchases,Action;Adventure;Free to Play;Massively Multiplayer;RPG,MMORPG;Open World;Massively Multiplayer,55,Mostly Negative,3960,5806,5598,8392,200k to 500k,0,9766
102500,Kingdoms of Amalur: Reckoning™,2012-02-09,Big Huge Games;38 Studios,38 Studios;Electronic Arts,FALSE,FALSE,No,FALSE,TRUE,No multiplayer,TRUE,FALSE,FALSE,FALSE,FALSE,FALSE,TRUE,FALSE,FALSE,TRUE,FALSE,FALSE,16,Single-player;Steam Achievements;Partial Controller Support;Steam Cloud,Action;RPG,RPG;Fantasy;Open World,61,Positive,8523,1201,252,170,500k to 1M,19.99,9724
368500,Assassin's Creed® Syndicate,2015-11-18,"Ubisoft Quebec, in collaboration with Ubisoft Annecy, Bucharest, Kiev, Montreal, Montpellier, Shanghai, Singapore, Sofia, Toronto studios",Ubisoft,FALSE,FALSE,No,FALSE,TRUE,No multiplayer,TRUE,FALSE,FALSE,FALSE,FALSE,FALSE,FALSE,FALSE,FALSE,TRUE,FALSE,FALSE,0,Single-player;In-App Purchases;Partial Controller Support,Action;Adventure,Assassin;Open World;Action,0,Positive,7203,2391,564,680,500k to 1M,33.99,9594
290080,Life is Feudal: Your Own,2015-11-17,Bitbox Ltd.,Bitbox Ltd.,FALSE,FALSE,No,FALSE,FALSE,Co-op multiplayer,TRUE,FALSE,FALSE,FALSE,FALSE,FALSE,FALSE,FALSE,FALSE,TRUE,FALSE,FALSE,0,Multi-player;Co-op;Steam Achievements;Steam Trading Cards;Stats,Action;Indie;RPG;Simulation,Open World;Medieval;Survival,150,Mostly Positive,6167,3395,3497,3837,200k to 500k,15.49,9562
249130,LEGO® Marvel™ Super Heroes,2013-11-15,Traveller's Tales,Warner Bros. Interactive Entertainment;Feral Interactive (Mac),FALSE,FALSE,Full,FALSE,TRUE,No multiplayer,TRUE,FALSE,FALSE,FALSE,FALSE,FALSE,FALSE,FALSE,FALSE,TRUE,TRUE,FALSE,0,Single-player;Shared/Split Screen;Steam Achievements;Full controller support;Steam Cloud,Action;Adventure,LEGO;Open World;Superhero,45,Positive,8797,691,4034,3514,500k to 1M,14.99,9488
12220,Grand Theft Auto: Episodes from Liberty City,2010-04-12,Rockstar North / Toronto,Rockstar Games,FALSE,FALSE,No,FALSE,TRUE,Multiplayer (Unspecified),TRUE,FALSE,FALSE,FALSE,FALSE,FALSE,FALSE,FALSE,FALSE,TRUE,FALSE,FALSE,18,Single-player;Multi-player,Action,Open World;Action;Multiplayer,0,Mostly Positive,6401,2345,508,112,2M to 5M,14.99,8746
529180,Dark and Light,2017-07-20,Snail Games USA,Snail Games USA,FALSE,FALSE,No,TRUE,TRUE,Local + Online + Co-op,TRUE,FALSE,FALSE,FALSE,FALSE,FALSE,FALSE,FALSE,FALSE,TRUE,FALSE,FALSE,0,Single-player;Multi-player;Online Multi-Player;Local Multi-Player;Online Co-op;Local Co-op;Steam Workshop,Action;Adventure;Massively Multiplayer;RPG;Simulation;Early Access,Early Access;Open World;Survival,29,Mixed,4610,3949,1062,536,200k to 500k,13.99,8559
316390,sZone-Online,2015-12-29,Cybertime System,Cybertime System,TRUE,FALSE,No,FALSE,FALSE,Online + Co-op,TRUE,FALSE,FALSE,FALSE,FALSE,FALSE,FALSE,FALSE,FALSE,TRUE,FALSE,FALSE,0,Multi-player;Online Multi-Player;MMO;Co-op;Steam Trading Cards,Action;Free to Play;Massively Multiplayer;RPG,Free to Play;Survival;Open World,0,Mostly Negative,3205,4886,39,27,2M to 5M,0,8091
646910,The Crew™ 2,2018-06-28,Ivory Tower,Ubisoft,FALSE,FALSE,No,FALSE,TRUE,Online + Co-op,TRUE,FALSE,FALSE,FALSE,FALSE,FALSE,FALSE,FALSE,FALSE,TRUE,FALSE,FALSE,0,Single-player;Online Multi-Player;MMO;Online Co-op;In-App Purchases;Partial Controller Support,Action;Massively Multiplayer;Racing,Racing;Open World;Driving,34,Mixed,4030,3916,2029,1685,200k to 500k,49.99,7946
115320,Prototype 2,2012-07-26,Radical Entertainment,Activision,FALSE,FALSE,No,FALSE,TRUE,No multiplayer,TRUE,FALSE,FALSE,FALSE,FALSE,FALSE,FALSE,FALSE,FALSE,TRUE,FALSE,FALSE,18,Single-player;Steam Achievements;Steam Cloud;Stats;Steam Leaderboards,Action;Adventure,Action;Open World;Gore,43,Mostly Positive,5411,2244,698,953,500k to 1M,19.99,7655
351290,SURVIVAL,2015-04-16,TB Games,TB Games,FALSE,FALSE,No,FALSE,FALSE,Multiplayer (Unspecified),TRUE,FALSE,FALSE,FALSE,FALSE,FALSE,FALSE,FALSE,FALSE,TRUE,FALSE,FALSE,0,Multi-player;Steam Achievements,Action;Adventure;Indie;Massively Multiplayer;Simulation;Early Access,Early Access;Survival;Open World,8,Mixed,3931,3694,46,46,100k to 200k,5.79,7625
48190,Assassin’s Creed® Brotherhood,2011-03-17,Ubisoft Montreal,Ubisoft,FALSE,FALSE,No,FALSE,TRUE,Multiplayer (Unspecified),TRUE,FALSE,FALSE,FALSE,FALSE,FALSE,FALSE,FALSE,FALSE,TRUE,FALSE,FALSE,18,Single-player;Multi-player;Partial Controller Support,Action;Adventure,Action;Adventure;Open World,0,Positive,6676,929,600,471,500k to 1M,12.49,7605
519190,Next Day: Survival,2018-05-21,SOFF Games,Last Level,FALSE,FALSE,No,FALSE,TRUE,Online only,TRUE,FALSE,FALSE,FALSE,FALSE,FALSE,FALSE,FALSE,FALSE,TRUE,FALSE,FALSE,0,Single-player;Multi-player;Online Multi-Player;Steam Achievements,Action;Indie;RPG,Survival;Open World;Multiplayer,39,Mostly Positive,4854,2493,280,251,200k to 500k,8.99,7347
48720,Mount & Blade: With Fire & Sword,2011-05-03,TaleWorlds Entertainment,TaleWorlds Entertainment,FALSE,FALSE,No,FALSE,TRUE,Multiplayer (Unspecified),TRUE,FALSE,FALSE,FALSE,FALSE,FALSE,TRUE,FALSE,FALSE,TRUE,FALSE,FALSE,0,Single-player;Multi-player;Steam Achievements,Action;RPG,RPG;Open World;Action,21,Positive,6236,1055,723,713,1M to 2M,7.99,7291
301910,Saints Row: Gat out of Hell,2015-01-22,Deep Silver Volition;High Voltage Software,Deep Silver,FALSE,FALSE,Full,FALSE,TRUE,Co-op multiplayer,TRUE,FALSE,FALSE,FALSE,FALSE,FALSE,FALSE,FALSE,FALSE,TRUE,FALSE,TRUE,0,Single-player;Co-op;Steam Achievements;Full controller support;Steam Trading Cards,Action,Action;Open World;Comedy,45,Mostly Positive,5203,1843,180,161,500k to 1M,10.99,7046
19900,Far Cry® 2: Fortune's Edition,2008-10-22,Ubisoft Montreal,Ubisoft,FALSE,FALSE,No,FALSE,TRUE,Multiplayer (Unspecified),TRUE,FALSE,FALSE,FALSE,FALSE,TRUE,FALSE,FALSE,FALSE,TRUE,FALSE,FALSE,0,Single-player;Multi-player,Action,Open World;FPS;Action,0,Positive,5292,1739,257,229,1M to 2M,8.59,7031
201870,Assassin's Creed® Revelations,2011-11-30,Ubisoft Montreal,Ubisoft,FALSE,FALSE,No,FALSE,TRUE,Multiplayer (Unspecified),TRUE,FALSE,FALSE,FALSE,FALSE,FALSE,FALSE,FALSE,FALSE,TRUE,FALSE,FALSE,16,Single-player;Multi-player,Action;Adventure,Action;Open World;Parkour,0,Positive,5912,1055,1153,1306,500k to 1M,12.49,6967
15100,Assassin's Creed™: Director's Cut Edition,2008-04-09,Ubisoft Montreal,Ubisoft,FALSE,FALSE,No,FALSE,TRUE,No multiplayer,TRUE,FALSE,FALSE,FALSE,FALSE,FALSE,FALSE,FALSE,FALSE,TRUE,FALSE,FALSE,0,Single-player;Partial Controller Support,Action;Adventure,Action;Adventure;Open World,0,Positive,5743,1162,360,476,500k to 1M,8.59,6905
361800,Tree of Life,2017-08-17,oddonegames,oddonegames,FALSE,FALSE,No,FALSE,FALSE,Online + Co-op,TRUE,FALSE,FALSE,FALSE,FALSE,FALSE,FALSE,FALSE,FALSE,TRUE,FALSE,FALSE,0,Multi-player;Online Multi-Player;MMO;Co-op;Online Co-op,Indie;Massively Multiplayer;RPG,Survival;Sandbox;Open World,0,Mostly Positive,4433,2203,4866,4866,100k to 200k,14.99,6636
332500,GRAV,2015-01-08,"BitMonster, Inc.","BitMonster, Inc.",FALSE,FALSE,No,FALSE,TRUE,Co-op multiplayer,TRUE,FALSE,FALSE,FALSE,FALSE,FALSE,FALSE,FALSE,FALSE,TRUE,FALSE,FALSE,0,Single-player;Multi-player;Co-op;Partial Controller Support,Action;Adventure;Indie;RPG;Early Access,Early Access;Survival;Open World,0,Mixed,3484,3010,509,853,500k to 1M,14.99,6494
20510,S.T.A.L.K.E.R.: Clear Sky,2008-09-15,GSC Game World,GSC World Publishing,FALSE,FALSE,No,FALSE,TRUE,Multiplayer (Unspecified),TRUE,FALSE,FALSE,FALSE,FALSE,FALSE,FALSE,FALSE,FALSE,TRUE,FALSE,FALSE,0,Single-player;Multi-player,Action;RPG,Open World;Atmospheric;Post-apocalyptic,0,Positive,5550,903,716,779,500k to 1M,7.99,6453
730310,DYNASTY WARRIORS 9 真・三國無双８,2018-02-13,"KOEI TECMO GAMES CO., LTD.","KOEI TECMO GAMES CO., LTD.",FALSE,FALSE,Full,FALSE,TRUE,Local + Online + Co-op,TRUE,FALSE,FALSE,FALSE,FALSE,FALSE,FALSE,FALSE,FALSE,TRUE,FALSE,FALSE,0,Single-player;Multi-player;Online Multi-Player;Local Multi-Player;Co-op;Online Co-op;Local Co-op;Steam Achievements;Full controller support;Steam Trading Cards;Steam Cloud,Action,Action;Open World;Hack and Slash,44,Negative,1487,4620,188,193,1M to 2M,0,6107
290300,Rebel Galaxy,2015-10-20,Double Damage Games,Double Damage Games,FALSE,FALSE,Full,FALSE,TRUE,No multiplayer,TRUE,FALSE,FALSE,FALSE,FALSE,FALSE,FALSE,FALSE,FALSE,TRUE,TRUE,FALSE,0,Single-player;Steam Achievements;Full controller support;Steam Cloud,Action;Adventure;Indie;RPG;Simulation,Space;Sci-fi;Open World,37,Positive,5100,881,618,912,500k to 1M,14.99,5981
517630,Just Cause 4,2018-12-04,Avalanche Studios,Square Enix,FALSE,FALSE,Full,FALSE,TRUE,No multiplayer,TRUE,FALSE,FALSE,FALSE,FALSE,FALSE,FALSE,FALSE,FALSE,TRUE,FALSE,FALSE,18,Single-player;Steam Achievements;Full controller support;Steam Trading Cards;Steam Cloud,Action;Adventure,Action;Open World;Destruction,52,Mostly Negative,2075,3780,1337,2634,100k to 200k,44.99,5855
307880,Savage Lands,2015-03-05,Last Bastion Studios LLC,Last Bastion Studios LLC,FALSE,FALSE,No,FALSE,TRUE,Online + Co-op,TRUE,FALSE,FALSE,FALSE,FALSE,FALSE,FALSE,FALSE,FALSE,TRUE,TRUE,TRUE,0,Single-player;Online Multi-Player;Online Co-op;Cross-Platform Multiplayer;Steam Achievements;Steam Cloud,Action;Adventure;Indie;RPG;Simulation;Early Access,Early Access;Survival;Open World,20,Mostly Positive,3196,2613,234,436,200k to 500k,7.19,5809
285920,TerraTech,2018-08-10,Payload Studios,Payload Studios,FALSE,FALSE,No,TRUE,TRUE,Online + Co-op,TRUE,FALSE,FALSE,FALSE,FALSE,FALSE,FALSE,FALSE,FALSE,TRUE,TRUE,TRUE,0,Single-player;Online Multi-Player;Online Co-op;Steam Achievements;Steam Trading Cards;Steam Workshop;Partial Controller Support,Action;Indie,Building;Open World;Sandbox,15,Positive,4769,1022,3140,5442,200k to 500k,19.99,5791
237870,Planet Explorers,2016-11-08,Pathea Games,Pathea Games,FALSE,FALSE,No,TRUE,TRUE,Online + Co-op,TRUE,FALSE,FALSE,FALSE,FALSE,FALSE,FALSE,FALSE,FALSE,TRUE,TRUE,TRUE,0,Single-player;Multi-player;Online Multi-Player;Co-op;Online Co-op;Cross-Platform Multiplayer;Steam Trading Cards;Steam Workshop;Partial Controller Support,Action;Adventure;Indie;RPG;Simulation,Sandbox;Open World;Survival,16,Mostly Positive,3847,1729,545,765,200k to 500k,7.19,5576
12100,Grand Theft Auto III,2008-01-04,Rockstar Games,Rockstar Games,FALSE,FALSE,No,FALSE,TRUE,No multiplayer,TRUE,FALSE,FALSE,FALSE,FALSE,FALSE,FALSE,FALSE,FALSE,TRUE,FALSE,FALSE,18,Single-player;Partial Controller Support,Action,Open World;Action;Classic,0,Positive,4718,750,98,63,1M to 2M,5.99,5468
368070,Sniper Ghost Warrior 3,2017-04-24,CI Games,CI Games,FALSE,FALSE,No,FALSE,TRUE,Online only,TRUE,FALSE,FALSE,FALSE,FALSE,FALSE,FALSE,FALSE,FALSE,TRUE,FALSE,FALSE,0,Single-player;Multi-player;Online Multi-Player;Steam Achievements;Partial Controller Support;Steam Cloud,Violent;Action,Sniper;Action;Open World,48,Mixed,2973,2465,1800,1800,200k to 500k,23.79,5438
311560,Assassin’s Creed® Rogue,2015-03-09,Ubisoft Sofia;Ubisoft Kiev,Ubisoft,FALSE,FALSE,No,FALSE,TRUE,No multiplayer,TRUE,FALSE,FALSE,FALSE,FALSE,FALSE,FALSE,FALSE,FALSE,TRUE,FALSE,FALSE,0,Single-player;Partial Controller Support,Action;Adventure,Open World;Assassin;Action,0,Positive,4303,992,1240,1383,200k to 500k,16.99,5295
311310,Naval Action,2016-01-21,Game-Labs,Game-Labs,FALSE,FALSE,No,FALSE,FALSE,Online + Co-op,TRUE,FALSE,FALSE,FALSE,FALSE,FALSE,FALSE,FALSE,FALSE,TRUE,FALSE,FALSE,0,Multi-player;Online Multi-Player;MMO;Online Co-op,Action;Adventure;Indie;Massively Multiplayer;Simulation;Strategy;Early Access,Early Access;Naval;Open World,0,Mostly Positive,3117,2029,1536,1536,100k to 200k,29.99,5146
329430,State of Decay: YOSE,2015-04-27,Undead Labs,Microsoft Studios,FALSE,FALSE,Full,FALSE,TRUE,No multiplayer,TRUE,FALSE,FALSE,FALSE,FALSE,FALSE,FALSE,FALSE,FALSE,TRUE,FALSE,FALSE,18,Single-player;Steam Achievements;Full controller support;Steam Trading Cards;Steam Leaderboards,Action;RPG;Simulation,Zombies;Survival;Open World,72,Positive,3894,1224,676,944,200k to 500k,22.99,5118
7520,Two Worlds II HD,2011-02-03,Reality Pump Studios,"Topware Interactive, ACE",FALSE,FALSE,Full,FALSE,TRUE,Online + Co-op,TRUE,FALSE,FALSE,FALSE,FALSE,FALSE,TRUE,FALSE,FALSE,TRUE,TRUE,FALSE,0,Single-player;Multi-player;Online Multi-Player;Co-op;Online Co-op;Cross-Platform Multiplayer;Steam Achievements;Full controller support;Steam Trading Cards;In-App Purchases;Steam Cloud,Nudity;Violent;RPG,RPG;Open World;Fantasy,61,Mostly Positive,3054,2051,327,403,500k to 1M,14.99,5105
383150,Dead Island Definitive Edition,2016-05-31,Techland,Deep Silver,FALSE,FALSE,Full,FALSE,TRUE,Co-op multiplayer,TRUE,FALSE,FALSE,FALSE,FALSE,FALSE,FALSE,FALSE,FALSE,TRUE,FALSE,TRUE,18,Single-player;Multi-player;Co-op;Steam Achievements;Full controller support;Steam Trading Cards;Captions available;Steam Cloud;Stats,Action,Zombies;Open World;Multiplayer,57,Mostly Positive,3513,1415,1725,533,200k to 500k,11.99,4928
10150,Prototype™,2009-06-12,Radical Entertainment,Activision,FALSE,FALSE,No,FALSE,TRUE,No multiplayer,TRUE,FALSE,FALSE,FALSE,FALSE,FALSE,FALSE,FALSE,FALSE,TRUE,FALSE,FALSE,0,Single-player,Action;Adventure,Action;Open World;Adventure,0,Positive,3702,904,645,1001,500k to 1M,14.99,4606
848450,Subnautica: Below Zero,2019-01-30,Unknown Worlds Entertainment,Unknown Worlds Entertainment,FALSE,FALSE,No,FALSE,TRUE,No multiplayer,TRUE,FALSE,FALSE,FALSE,FALSE,FALSE,FALSE,FALSE,FALSE,TRUE,TRUE,FALSE,0,Single-player;Partial Controller Support,Adventure;Indie;Early Access,Early Access;Survival;Open World,0,Positive,4097,471,229,289,200k to 500k,15.49,4568
320240,We Happy Few,2018-08-10,Compulsion Games,Gearbox Publishing,FALSE,FALSE,Full,TRUE,TRUE,No multiplayer,TRUE,FALSE,FALSE,FALSE,FALSE,FALSE,FALSE,FALSE,FALSE,TRUE,FALSE,FALSE,0,Single-player;Steam Achievements;Full controller support;Steam Workshop;Steam Cloud,Action;Adventure;Indie,Open World;Survival;Psychological Horror,50,Mostly Positive,3130,1333,308,308,100k to 200k,44.99,4463
40300,Risen,2009-10-02,Piranha Bytes,Deep Silver,FALSE,FALSE,No,FALSE,TRUE,No multiplayer,TRUE,FALSE,FALSE,FALSE,FALSE,FALSE,TRUE,FALSE,FALSE,TRUE,FALSE,FALSE,0,Single-player;Steam Trading Cards,RPG,RPG;Open World;Gothic,0,Positive,3848,585,994,650,500k to 1M,7.99,4433
486310,Meadow,2016-10-26,Might and Delight,Might and Delight,FALSE,FALSE,No,FALSE,FALSE,Online only,TRUE,FALSE,FALSE,FALSE,FALSE,FALSE,FALSE,FALSE,FALSE,TRUE,TRUE,TRUE,0,Online Multi-Player;Steam Achievements;Steam Trading Cards;Steam Cloud;Steam Leaderboards,Adventure;Indie;Massively Multiplayer,Cute;Open World;Massively Multiplayer,83,Positive,3819,470,227,277,200k to 500k,3.99,4289
39510,Gothic II: Gold Edition,2010-01-13,Piranha Bytes,THQ Nordic,FALSE,FALSE,No,FALSE,TRUE,No multiplayer,TRUE,FALSE,FALSE,FALSE,FALSE,FALSE,TRUE,FALSE,FALSE,TRUE,FALSE,FALSE,0,Single-player,Action;RPG,RPG;Classic;Open World,0,Positive,3809,475,102,132,200k to 500k,8.99,4284
323320,Grow Home,2015-02-04,"Reflections, a Ubisoft Studio",Ubisoft,FALSE,FALSE,Full,FALSE,TRUE,No multiplayer,TRUE,FALSE,FALSE,FALSE,FALSE,FALSE,FALSE,FALSE,FALSE,TRUE,FALSE,TRUE,0,Single-player;Steam Achievements;Full controller support;Steam Trading Cards;Steam Cloud,Adventure;Casual;Indie,Open World;Adventure;Singleplayer,26,Positive,3855,382,142,162,200k to 500k,6.69,4237
593600,PixARK,2018-03-27,Snail Games USA,Snail Games USA,FALSE,FALSE,No,FALSE,TRUE,Online + Co-op,TRUE,FALSE,FALSE,FALSE,FALSE,FALSE,FALSE,FALSE,FALSE,TRUE,FALSE,FALSE,0,Single-player;Multi-player;Online Multi-Player;Online Co-op,Action;Adventure;Casual;Massively Multiplayer;RPG;Strategy;Early Access,Early Access;Survival;Open World,35,Mostly Positive,2507,1539,220,258,200k to 500k,19.49,4046
65540,Gothic 1,2001-03-15,Piranha Bytes,THQ Nordic,FALSE,FALSE,No,FALSE,TRUE,No multiplayer,TRUE,FALSE,FALSE,FALSE,FALSE,FALSE,TRUE,FALSE,FALSE,TRUE,FALSE,FALSE,0,Single-player,Action;RPG,RPG;Open World;Atmospheric,0,Positive,3396,523,409,412,200k to 500k,0,3919
939960,Far Cry® New Dawn,2019-02-15,Ubisoft Montreal;Ubisoft Kiev;Ubisoft Shanghai,Ubisoft,FALSE,FALSE,No,FALSE,TRUE,Co-op multiplayer,TRUE,FALSE,FALSE,FALSE,FALSE,TRUE,FALSE,FALSE,FALSE,TRUE,FALSE,FALSE,0,Single-player;Online Co-op;Partial Controller Support,Action;Adventure,Open World;Action;FPS,0,Mostly Positive,2755,1161,1597,1827,100k to 200k,37.99,3916
249230,Risen 3 - Titan Lords,2014-08-13,Piranha Bytes,Deep Silver,FALSE,FALSE,No,FALSE,TRUE,No multiplayer,TRUE,FALSE,FALSE,FALSE,FALSE,FALSE,TRUE,FALSE,FALSE,TRUE,FALSE,FALSE,16,Single-player;Steam Achievements;Steam Trading Cards;Captions available;Partial Controller Support;Steam Cloud,RPG,RPG;Open World;Gothic,50,Mostly Positive,2756,1144,412,589,500k to 1M,10.99,3900
40390,Risen 2: Dark Waters,2012-04-26,Piranha Bytes,Deep Silver,FALSE,FALSE,No,FALSE,TRUE,No multiplayer,TRUE,FALSE,FALSE,FALSE,FALSE,FALSE,TRUE,FALSE,FALSE,TRUE,FALSE,FALSE,0,Single-player;Steam Achievements;Steam Trading Cards;Partial Controller Support;Stats,RPG,RPG;Pirates;Open World,49,Positive,2987,891,1278,1257,1M to 2M,7.99,3878
611660,Fallout 4 VR,2017-12-11,Bethesda Game Studios,Bethesda Softworks,FALSE,TRUE,No,FALSE,TRUE,No multiplayer,TRUE,FALSE,FALSE,FALSE,FALSE,FALSE,FALSE,FALSE,FALSE,TRUE,FALSE,FALSE,18,Single-player;VR Support;SteamVR Collectibles,Violent;RPG,VR;Open World;Post-apocalyptic,50,Mostly Positive,2647,1162,161,216,100k to 200k,39.99,3809
404410,Endless Sky,2015-10-30,Michael Zahniser,Michael Zahniser,TRUE,FALSE,No,FALSE,TRUE,No multiplayer,TRUE,FALSE,FALSE,FALSE,FALSE,FALSE,FALSE,FALSE,FALSE,TRUE,TRUE,TRUE,0,Single-player,Action;Adventure;Free to Play;RPG;Simulation,Space;Free to Play;Open World,0,Positive,3420,366,33,50,500k to 1M,0,3786
322780,Worlds Adrift,2017-05-24,Bossa Studios,Bossa Studios,FALSE,FALSE,No,FALSE,FALSE,Online + Co-op,TRUE,FALSE,FALSE,FALSE,FALSE,FALSE,FALSE,FALSE,FALSE,TRUE,FALSE,FALSE,0,Multi-player;Online Multi-Player;MMO;Co-op;Online Co-op;Steam Trading Cards;Includes level editor,Action;Adventure;Indie;Massively Multiplayer;Early Access,Early Access;Open World;Massively Multiplayer,0,Mostly Positive,2621,1096,592,592,100k to 200k,19.49,3717
1930,Two Worlds Epic Edition,2009-04-30,Reality Pump Studios,Topware Interactive,FALSE,FALSE,No,FALSE,TRUE,Online + Co-op,TRUE,FALSE,FALSE,FALSE,FALSE,FALSE,TRUE,FALSE,FALSE,TRUE,TRUE,TRUE,0,Single-player;Multi-player;Online Multi-Player;Online Co-op;Cross-Platform Multiplayer;Steam Trading Cards;Partial Controller Support,RPG,RPG;Open World;Fantasy,0,Mostly Positive,2656,1055,484,422,1M to 2M,6.99,3711
39500,Gothic® 3,2009-12-02,Piranha Bytes,THQ Nordic,FALSE,FALSE,No,FALSE,TRUE,No multiplayer,TRUE,FALSE,FALSE,FALSE,FALSE,FALSE,TRUE,FALSE,FALSE,TRUE,FALSE,FALSE,0,Single-player,Action;RPG,RPG;Open World;Fantasy,0,Positive,2962,728,1401,1652,500k to 1M,8.99,3690
45740,Dead Rising® 2,2010-09-27,Capcom Vancouver,Capcom,FALSE,FALSE,No,FALSE,TRUE,Co-op multiplayer,TRUE,FALSE,FALSE,FALSE,FALSE,FALSE,FALSE,FALSE,FALSE,TRUE,FALSE,FALSE,18,Single-player;Multi-player;Co-op;Steam Achievements;Steam Trading Cards;Partial Controller Support;Steam Cloud,Action;Adventure,Zombies;Action;Open World,50,Mostly Positive,2713,934,1108,993,500k to 1M,14.99,3647
344040,Voxelized,2017-04-05,Lord Kres,Lord Kres,FALSE,FALSE,No,FALSE,TRUE,Local only,TRUE,FALSE,FALSE,FALSE,FALSE,FALSE,FALSE,FALSE,FALSE,TRUE,FALSE,FALSE,0,Single-player;Multi-player;Local Multi-Player;Steam Achievements;Steam Trading Cards;Partial Controller Support;Steam Cloud,Adventure;Casual;Early Access,Early Access;Casual;Open World,1,Negative,1171,2461,191,187,200k to 500k,2.79,3632
794260,Outward,2019-03-26,Nine Dots Studio,Deep Silver,FALSE,FALSE,No,FALSE,TRUE,Co-op multiplayer,TRUE,FALSE,FALSE,FALSE,FALSE,FALSE,TRUE,FALSE,FALSE,TRUE,FALSE,FALSE,0,Single-player;Online Co-op;Local Co-op;Shared/Split Screen;Steam Achievements;Steam Trading Cards;Partial Controller Support;Stats,RPG,RPG;Open World;Survival,44,Mostly Positive,2647,978,1373,2315,100k to 200k,34.99,3625
487120,Citadel: Forged with Fire,2017-07-26,Blue Isle Studios;Virtual Basement LLC,Blue Isle Studios,FALSE,FALSE,No,FALSE,TRUE,Online only,TRUE,FALSE,FALSE,FALSE,FALSE,FALSE,TRUE,FALSE,FALSE,TRUE,FALSE,FALSE,0,Single-player;Multi-player;Online Multi-Player;MMO;Steam Trading Cards;Steam Cloud,Action;Adventure;Indie;Massively Multiplayer;RPG;Early Access,Early Access;Open World;RPG,50,Mostly Positive,2248,1333,962,962,100k to 200k,19.49,3581
286340,FarSky,2014-04-25,Farsky Interactive,Farsky Interactive,FALSE,FALSE,No,FALSE,TRUE,No multiplayer,TRUE,FALSE,FALSE,FALSE,FALSE,FALSE,FALSE,FALSE,FALSE,TRUE,TRUE,TRUE,0,Single-player,Adventure;Indie,Survival;Open World;Underwater,0,Mostly Positive,2571,1008,180,206,100k to 200k,3.99,3579
22100,Mount & Blade,2008-11-03,TaleWorlds Entertainment,TaleWorlds Entertainment,FALSE,FALSE,No,FALSE,TRUE,No multiplayer,TRUE,FALSE,FALSE,FALSE,FALSE,FALSE,TRUE,FALSE,FALSE,TRUE,FALSE,FALSE,0,Single-player;Steam Trading Cards;Includes level editor,Indie;RPG,RPG;Medieval;Open World,0,Positive,3205,291,415,597,1M to 2M,7.99,3496
17430,Need for Speed Undercover,2008-12-19,EA Black Box,Electronic Arts,FALSE,FALSE,No,FALSE,TRUE,Multiplayer (Unspecified),TRUE,FALSE,FALSE,FALSE,FALSE,FALSE,FALSE,FALSE,FALSE,TRUE,FALSE,FALSE,0,Single-player;Multi-player;Partial Controller Support,Action;Racing,Racing;Open World;Multiplayer,0,Mostly Positive,2351,1081,916,1046,200k to 500k,9.99,3432
815370,Green Hell,2018-08-29,Creepy Jar,Creepy Jar,FALSE,FALSE,No,FALSE,TRUE,No multiplayer,TRUE,FALSE,FALSE,FALSE,FALSE,FALSE,FALSE,FALSE,FALSE,TRUE,FALSE,FALSE,0,Single-player,Indie;Simulation;Early Access,Early Access;Survival;Open World,0,Positive,2767,516,663,1213,100k to 200k,15.49,3283
914620,Mist Survival,2018-08-14,Rati Wattanakornprasit,Rati Wattanakornprasit,FALSE,FALSE,No,FALSE,TRUE,No multiplayer,TRUE,FALSE,FALSE,FALSE,FALSE,FALSE,FALSE,FALSE,FALSE,TRUE,FALSE,FALSE,0,Single-player,Action;Adventure;Indie;Simulation;Early Access,Early Access;Survival;Open World,0,Positive,2673,557,3925,7837,100k to 200k,8.29,3230
324080,Rising World,2014-12-03,JIW-Games,JIW-Games,FALSE,FALSE,No,FALSE,TRUE,Online + Co-op,TRUE,FALSE,FALSE,FALSE,FALSE,FALSE,FALSE,FALSE,FALSE,TRUE,TRUE,TRUE,0,Single-player;Multi-player;Online Multi-Player;Co-op;Online Co-op;Cross-Platform Multiplayer;Steam Cloud,Action;Adventure;Indie;RPG;Early Access,Early Access;Survival;Open World,0,Positive,2557,605,0,0,100k to 200k,10.99,3162
275100,Shelter 2,2015-03-09,Might and Delight,Might and Delight,FALSE,FALSE,Full,FALSE,TRUE,No multiplayer,TRUE,FALSE,FALSE,FALSE,FALSE,FALSE,FALSE,FALSE,FALSE,TRUE,TRUE,TRUE,0,Single-player;Steam Achievements;Full controller support;Steam Trading Cards,Adventure;Casual;Indie,Survival;Open World;Adventure,26,Positive,2616,540,157,169,200k to 500k,10.99,3156
304530,Agents of Mayhem,2017-08-15,Deep Silver Volition,Deep Silver,FALSE,FALSE,Full,FALSE,TRUE,No multiplayer,TRUE,FALSE,FALSE,FALSE,FALSE,FALSE,FALSE,FALSE,FALSE,TRUE,FALSE,FALSE,0,Single-player;Steam Achievements;Full controller support;Steam Trading Cards;Captions available;Steam Cloud,Sexual Content;Violent;Action,Action;Open World;Third Person,49,Mostly Positive,1808,1264,863,1471,100k to 200k,26.99,3072
704270,Generation Zero,2019-03-26,Avalanche Publishing,Avalanche Publishing,FALSE,FALSE,No,FALSE,TRUE,Online + Co-op,TRUE,FALSE,FALSE,FALSE,FALSE,FALSE,FALSE,FALSE,FALSE,TRUE,FALSE,FALSE,0,Single-player;Online Multi-Player;Online Co-op;Steam Achievements;Partial Controller Support;Steam Cloud,Action;Adventure,Open World;Survival;Adventure,50,Mostly Negative,1377,1673,187,234,50k to 100k,29.99,3050
3920,Sid Meier's Pirates!,2005-07-11,Firaxis Games,2K,FALSE,FALSE,No,FALSE,TRUE,No multiplayer,TRUE,FALSE,FALSE,FALSE,FALSE,FALSE,TRUE,FALSE,FALSE,TRUE,FALSE,FALSE,0,Single-player,RPG,Pirates;Open World;RPG,0,Positive,2641,193,296,436,500k to 1M,5.99,2834
543460,Dead Rising 4,2017-03-14,"Capcom Game Studio Vancouver, Inc.",Capcom,FALSE,FALSE,Full,FALSE,TRUE,Online only,TRUE,FALSE,FALSE,FALSE,FALSE,FALSE,FALSE,FALSE,FALSE,TRUE,FALSE,FALSE,18,Single-player;Online Multi-Player;Steam Achievements;Full controller support;Steam Trading Cards;Steam Cloud,Action,Zombies;Action;Open World,104,Mostly Negative,1320,1512,340,526,100k to 200k,19.99,2832
611670,The Elder Scrolls V: Skyrim VR,2018-04-02,Bethesda Game Studios,Bethesda Softworks,FALSE,TRUE,Full,FALSE,TRUE,No multiplayer,TRUE,FALSE,FALSE,FALSE,FALSE,FALSE,TRUE,FALSE,FALSE,TRUE,FALSE,FALSE,18,Single-player;Steam Achievements;Full controller support;VR Support;SteamVR Collectibles;Steam Cloud,RPG,RPG;Open World;Singleplayer,75,Positive,2352,457,140,176,100k to 200k,39.99,2809
847370,Sunset Overdrive,2018-11-16,Insomniac Games;Blind Squirrel Games,Microsoft Studios,FALSE,FALSE,Full,FALSE,TRUE,No multiplayer,TRUE,FALSE,FALSE,FALSE,FALSE,FALSE,FALSE,FALSE,FALSE,TRUE,FALSE,FALSE,16,Single-player;Steam Achievements;Full controller support;Steam Trading Cards;Steam Cloud,Action;Adventure,Action;Adventure;Open World,80,Positive,2421,274,300,300,50k to 100k,14.99,2695
287920,Mortal Online,2015-08-31,Star Vault AB,Star Vault AB,TRUE,FALSE,No,FALSE,FALSE,No multiplayer,TRUE,FALSE,FALSE,FALSE,FALSE,FALSE,FALSE,FALSE,FALSE,TRUE,FALSE,FALSE,0,MMO;Steam Achievements;Steam Trading Cards;Steam Cloud;Stats;Steam Turn Notifications,Action;Free to Play;Indie;Massively Multiplayer;RPG,Free to Play;Open World;Massively Multiplayer,49,Mixed,1362,1326,106,118,500k to 1M,0,2688
6880,Just Cause,2007-03-15,Avalanche Studios,Square Enix,FALSE,FALSE,No,FALSE,TRUE,No multiplayer,TRUE,FALSE,FALSE,FALSE,FALSE,TRUE,FALSE,FALSE,FALSE,TRUE,FALSE,FALSE,16,Single-player,Action,Action;Open World;Shooter,0,Mostly Positive,1732,846,20,25,1M to 2M,4.99,2578
382310,Eco,2018-02-06,Strange Loop Games,Strange Loop Games,FALSE,FALSE,No,FALSE,TRUE,Online + Co-op,TRUE,FALSE,FALSE,FALSE,FALSE,FALSE,FALSE,FALSE,FALSE,TRUE,FALSE,FALSE,0,Single-player;Multi-player;Online Multi-Player;Co-op;Online Co-op,Indie;Simulation;Early Access,Early Access;Survival;Open World,0,Mostly Positive,1875,639,2197,2582,100k to 200k,23.79,2514
419480,Starpoint Gemini Warlords,2017-05-23,Little Green Men Games,Iceberg Interactive,FALSE,FALSE,Full,TRUE,TRUE,No multiplayer,TRUE,FALSE,FALSE,FALSE,FALSE,FALSE,FALSE,FALSE,FALSE,TRUE,FALSE,FALSE,0,Single-player;Full controller support;Steam Trading Cards;Steam Workshop;Steam Cloud,Action;RPG;Simulation;Strategy,Space;Open World;Action,54,Mostly Positive,1830,628,0,0,100k to 200k,26.99,2458
219780,Divinity II: Developer's Cut,2012-10-29,Larian Studios,Larian Studios;Focus Home Interactive,FALSE,FALSE,No,FALSE,TRUE,No multiplayer,TRUE,FALSE,FALSE,FALSE,FALSE,FALSE,TRUE,FALSE,FALSE,TRUE,FALSE,FALSE,0,Single-player,RPG,RPG;Fantasy;Open World,0,Positive,2001,441,2511,70,500k to 1M,14.99,2442
327090,Out of Reach,2018-07-13,Space Boat Studios,Space Boat Studios,FALSE,FALSE,No,FALSE,TRUE,Local + Online + Co-op,TRUE,FALSE,FALSE,FALSE,FALSE,FALSE,FALSE,FALSE,FALSE,TRUE,TRUE,TRUE,0,Single-player;Multi-player;Online Multi-Player;Local Multi-Player;MMO;Co-op;Online Co-op;Cross-Platform Multiplayer;Steam Achievements;Steam Trading Cards;Valve Anti-Cheat enabled,Action;Adventure;Indie;Massively Multiplayer;RPG;Simulation,Survival;Open World;Crafting,44,Mostly Positive,1512,905,868,868,50k to 100k,10.99,2417
292410,Street Racing Syndicate,2014-04-24,Eutechnyx,Funbox Media Ltd,FALSE,FALSE,No,FALSE,TRUE,No multiplayer,TRUE,FALSE,FALSE,FALSE,FALSE,FALSE,FALSE,FALSE,FALSE,TRUE,FALSE,FALSE,0,Single-player;Shared/Split Screen;Steam Trading Cards;Partial Controller Support,Racing,Racing;Open World;Driving,0,Positive,1886,420,198,205,500k to 1M,2.09,2306
324310,Bus Simulator 16,2016-03-02,stillalive studios,astragon Entertainment,FALSE,FALSE,No,TRUE,TRUE,Co-op multiplayer,TRUE,FALSE,FALSE,FALSE,FALSE,FALSE,FALSE,FALSE,FALSE,TRUE,TRUE,FALSE,0,Single-player;Multi-player;Co-op;Cross-Platform Multiplayer;Steam Achievements;Steam Trading Cards;Steam Workshop;Partial Controller Support;Steam Leaderboards,Simulation,Simulation;Driving;Open World,30,Mostly Positive,1415,889,273,491,100k to 200k,13.49,2304
568570,Force of Nature,2016-12-13,A.Y.std,A.Y.std,FALSE,FALSE,No,FALSE,TRUE,Co-op multiplayer,TRUE,FALSE,FALSE,FALSE,FALSE,FALSE,FALSE,FALSE,FALSE,TRUE,FALSE,FALSE,0,Single-player;Multi-player;Co-op;Steam Achievements;Steam Trading Cards,Action;Adventure;Indie;RPG;Simulation;Strategy,Crafting;Survival;Open World,18,Mostly Positive,1660,627,1454,1839,100k to 200k,5.79,2287
405310,LEGO® MARVEL's Avengers,2016-01-26,Traveller's Tales;TT Games;Feral Interactive (Mac),Warner Bros. Interactive Entertainment;Feral Interactive (Mac),FALSE,FALSE,Full,FALSE,TRUE,No multiplayer,TRUE,FALSE,FALSE,FALSE,FALSE,FALSE,FALSE,FALSE,FALSE,TRUE,TRUE,FALSE,0,Single-player;Shared/Split Screen;Steam Achievements;Full controller support,Action;Adventure,LEGO;Open World;Superhero,70,Positive,1898,384,59,59,200k to 500k,24.99,2282
493490,City Car Driving,2016-11-03,"Forward Development, Ltd.","Forward Global Group, Ltd.",FALSE,FALSE,Full,TRUE,TRUE,No multiplayer,TRUE,FALSE,FALSE,FALSE,FALSE,FALSE,FALSE,FALSE,FALSE,TRUE,FALSE,FALSE,0,Single-player;Steam Achievements;Full controller support;Steam Trading Cards;Steam Workshop;Steam Cloud,Indie;Racing;Simulation,Simulation;Driving;Open World,43,Mostly Positive,1606,668,171,198,100k to 200k,20.51,2274
204630,Retro City Rampage™ DX,2014-11-11,"Vblank Entertainment, Inc.","Vblank Entertainment, Inc.",FALSE,FALSE,Full,FALSE,TRUE,No multiplayer,TRUE,FALSE,FALSE,FALSE,FALSE,FALSE,FALSE,FALSE,FALSE,TRUE,TRUE,TRUE,0,Single-player;Steam Achievements;Full controller support;Steam Trading Cards;Steam Cloud;Steam Leaderboards,Action;Adventure;Indie;Racing,Action;Open World;Retro,20,Positive,2005,243,540,629,200k to 500k,10.99,2248
334040,Down To One,2016-01-07,Gadget Games,Gadget Games,FALSE,FALSE,No,FALSE,FALSE,Multiplayer (Unspecified),TRUE,FALSE,FALSE,FALSE,FALSE,FALSE,FALSE,FALSE,FALSE,TRUE,FALSE,FALSE,0,Multi-player;Steam Trading Cards;Stats,Action,Action;Survival;Open World,0,Mostly Negative,868,1357,206,253,100k to 200k,0.79,2225
840800,Outlaws of the Old West,2019-03-12,Virtual Basement LLC,Wandering Wizard,FALSE,FALSE,No,FALSE,TRUE,Local + Online + Co-op,TRUE,FALSE,FALSE,FALSE,FALSE,FALSE,FALSE,FALSE,FALSE,TRUE,FALSE,FALSE,0,Single-player;Multi-player;Online Multi-Player;Local Multi-Player;MMO;Online Co-op,Action;Adventure;Casual;Indie;Massively Multiplayer;RPG;Strategy;Early Access,Early Access;Survival;Open World,0,Mostly Positive,1459,742,0,0,50k to 100k,15.49,2201
366220,Wurm Unlimited,2015-10-21,Code Club AB,Plug In Digital,FALSE,FALSE,No,FALSE,TRUE,Online only,TRUE,FALSE,FALSE,FALSE,FALSE,FALSE,TRUE,FALSE,FALSE,TRUE,FALSE,TRUE,0,Single-player;Multi-player;MMO;Co-op;Steam Trading Cards,Adventure;Indie;RPG,Open World;RPG;Sandbox,0,Mostly Positive,1498,652,2018,2283,200k to 500k,22.49,2150
318220,Enforcer: Police Crime Action,2014-10-24,Odin Game Studio,Excalibur Publishing,FALSE,FALSE,No,FALSE,TRUE,No multiplayer,TRUE,FALSE,FALSE,FALSE,FALSE,FALSE,FALSE,FALSE,FALSE,TRUE,TRUE,FALSE,18,Single-player;Steam Trading Cards,Action;Adventure;Simulation,Simulation;Action;Open World,0,Mostly Negative,1028,1119,150,150,100k to 200k,14.99,2147
580200,Yonder: The Cloud Catcher Chronicles,2017-07-17,Prideful Sloth,Prideful Sloth,FALSE,FALSE,Full,FALSE,TRUE,No multiplayer,TRUE,FALSE,FALSE,FALSE,FALSE,FALSE,FALSE,FALSE,FALSE,TRUE,FALSE,FALSE,0,Single-player;Steam Achievements;Full controller support;Steam Trading Cards;Captions available;Steam Cloud,Adventure;Indie,Open World;Adventure;Exploration,38,Positive,1671,373,0,0,100k to 200k,18.99,2044
441790,Fragmented,2017-08-15,Above and Beyond Technologies,Above and Beyond Technologies,FALSE,FALSE,No,FALSE,TRUE,Co-op multiplayer,TRUE,FALSE,FALSE,FALSE,FALSE,FALSE,FALSE,FALSE,FALSE,TRUE,FALSE,FALSE,0,Single-player;Multi-player;Co-op;Steam Achievements;Partial Controller Support,Action;Indie;RPG,Survival;Multiplayer;Open World,45,Mostly Negative,806,978,148,148,50k to 100k,6.99,1784
45770,Dead Rising 2: Off the Record,2011-10-11,Capcom Vancouver,Capcom,FALSE,FALSE,No,FALSE,TRUE,Co-op multiplayer,TRUE,FALSE,FALSE,FALSE,FALSE,FALSE,FALSE,FALSE,FALSE,TRUE,FALSE,FALSE,18,Single-player;Co-op;Steam Achievements;Steam Trading Cards;Partial Controller Support;Steam Cloud,Action;Adventure,Action;Zombies;Open World,50,Positive,1387,376,435,621,200k to 500k,14.99,1763
332570,Amazing Frog?,2014-11-21,Fayju,Fayju,FALSE,FALSE,Full,FALSE,TRUE,Co-op multiplayer,TRUE,FALSE,FALSE,FALSE,FALSE,FALSE,FALSE,FALSE,FALSE,TRUE,TRUE,TRUE,0,Single-player;Co-op;Local Co-op;Shared/Split Screen;Full controller support;Steam Cloud,Adventure;Indie;Early Access,Early Access;Funny;Open World,0,Positive,1514,242,646,757,200k to 500k,12.39,1756
225640,Sacred 2 Gold,2012-12-21,Ascaron,Deep Silver,FALSE,FALSE,No,FALSE,TRUE,No multiplayer,TRUE,FALSE,FALSE,FALSE,FALSE,FALSE,TRUE,FALSE,FALSE,TRUE,FALSE,FALSE,0,Single-player,RPG,RPG;Open World;Hack and Slash,0,Mostly Positive,1177,495,69,100,500k to 1M,10.99,1672
260210,Assassin’s Creed® Liberation HD,2014-01-15,Ubisoft Sofia,Ubisoft,FALSE,FALSE,No,FALSE,TRUE,No multiplayer,TRUE,FALSE,FALSE,FALSE,FALSE,FALSE,FALSE,TRUE,FALSE,TRUE,FALSE,FALSE,0,Single-player,Action;Adventure,Action;Open World;Female Protagonist,0,Mostly Positive,952,698,934,934,100k to 200k,16.99,1650
324510,Boundless,2018-09-11,Wonderstruck,Square Enix,FALSE,FALSE,Full,FALSE,FALSE,Online + Co-op,TRUE,FALSE,FALSE,FALSE,FALSE,FALSE,FALSE,FALSE,FALSE,TRUE,TRUE,FALSE,0,Multi-player;Online Multi-Player;MMO;Co-op;Online Co-op;Cross-Platform Multiplayer;Steam Achievements;Full controller support,Action;Adventure;Indie;Massively Multiplayer;RPG,Sandbox;Massively Multiplayer;Open World,59,Mostly Positive,1153,486,55204,55204,20k to 50k,32.99,1639
327860,Salt,2018-02-06,Lavaboots Studios,Lavaboots Studios,FALSE,FALSE,No,FALSE,TRUE,Co-op multiplayer,TRUE,FALSE,FALSE,FALSE,FALSE,FALSE,FALSE,FALSE,FALSE,TRUE,FALSE,FALSE,0,Single-player;Multi-player;Co-op;Steam Achievements;Steam Trading Cards;Partial Controller Support;Steam Cloud,Action;Adventure;Indie;RPG,Open World;Survival;Adventure,29,Positive,1234,340,0,0,50k to 100k,11.39,1574
39690,ArcaniA,2010-10-11,Spellbound Studios,THQ Nordic,FALSE,FALSE,No,FALSE,TRUE,No multiplayer,TRUE,FALSE,FALSE,FALSE,FALSE,FALSE,TRUE,FALSE,FALSE,TRUE,FALSE,FALSE,0,Single-player,RPG,RPG;Open World;Singleplayer,0,Mostly Negative,735,763,398,571,200k to 500k,17.99,1498
280180,Hover,2017-05-31,Midgar Studio;Fusty Game,Dear Villagers,FALSE,FALSE,Full,TRUE,TRUE,Online + Co-op,TRUE,FALSE,FALSE,FALSE,FALSE,FALSE,FALSE,FALSE,FALSE,TRUE,TRUE,TRUE,0,Single-player;Multi-player;Online Multi-Player;Co-op;Online Co-op;Cross-Platform Multiplayer;Steam Achievements;Full controller support;VR Support;Steam Workshop;Steam Cloud;Stats;Steam Leaderboards;Includes level editor,Action;Adventure,Parkour;Open World;Action,10,Positive,1144,272,45,45,50k to 100k,14.99,1416
667720,Red Faction Guerrilla Re-Mars-tered,2018-07-03,Volition;KAIKO,THQ Nordic,FALSE,FALSE,Full,FALSE,TRUE,Online only,TRUE,FALSE,FALSE,FALSE,FALSE,FALSE,FALSE,FALSE,FALSE,TRUE,FALSE,FALSE,16,Single-player;Multi-player;Online Multi-Player;Steam Achievements;Full controller support;Steam Trading Cards;Steam Cloud;Steam Leaderboards,Gore,Destruction;Open World;Sci-fi,57,Positive,1072,318,168,179,100k to 200k,14.99,1390
342980,Destination Sol,2015-02-05,MovingBlocks,MovingBlocks,TRUE,FALSE,No,FALSE,TRUE,No multiplayer,TRUE,FALSE,FALSE,FALSE,FALSE,FALSE,FALSE,FALSE,FALSE,TRUE,TRUE,TRUE,0,Single-player;Partial Controller Support;Steam Cloud,Action;Free to Play;Indie;RPG,Free to Play;Space;Open World,0,Positive,1038,264,72,87,200k to 500k,0,1302
547860,Rend,2019-03-29,Frostkeep Studios,Frostkeep Studios,FALSE,FALSE,No,FALSE,FALSE,Online + Co-op,TRUE,FALSE,FALSE,FALSE,FALSE,FALSE,FALSE,FALSE,FALSE,TRUE,FALSE,FALSE,0,Multi-player;Online Multi-Player;MMO;Co-op;Online Co-op,Action;Adventure;Indie;Massively Multiplayer;RPG,Survival;Open World;Adventure,0,Mostly Positive,773,521,72,72,50k to 100k,11.39,1294
285500,Hard Truck Apocalypse / Ex Machina,2014-03-14,Targem Games,Buka Entertainment,FALSE,FALSE,No,FALSE,TRUE,No multiplayer,TRUE,FALSE,FALSE,FALSE,FALSE,FALSE,FALSE,FALSE,FALSE,TRUE,FALSE,FALSE,0,Single-player;Steam Trading Cards,Action;Racing;RPG,Post-apocalyptic;Atmospheric;Open World,0,Positive,996,251,0,0,50k to 100k,5.59,1247
223330,Sea Dogs: To Each His Own - Pirate Open World RPG,2012-12-01,BlackMark Studio,Akella,FALSE,FALSE,No,FALSE,TRUE,No multiplayer,TRUE,FALSE,FALSE,FALSE,FALSE,FALSE,TRUE,FALSE,FALSE,TRUE,FALSE,FALSE,0,Single-player;Steam Achievements;Steam Trading Cards;Steam Cloud,RPG,Pirates;RPG;Open World,71,Positive,928,288,0,0,20k to 50k,10.99,1216
504050,Planet Nomads,2017-05-25,Craneballs,Craneballs,FALSE,FALSE,No,TRUE,TRUE,No multiplayer,TRUE,FALSE,FALSE,FALSE,FALSE,FALSE,FALSE,FALSE,FALSE,TRUE,TRUE,TRUE,0,Single-player;Steam Achievements;Steam Trading Cards;Steam Workshop;Steam Cloud,Action;Adventure;Indie;Simulation;Early Access,Early Access;Open World;Survival,47,Mostly Positive,833,377,0,0,20k to 50k,14.99,1210
383180,Dead Island: Riptide Definitive Edition,2016-05-31,Techland,Deep Silver,FALSE,FALSE,Full,FALSE,TRUE,Co-op multiplayer,TRUE,FALSE,FALSE,FALSE,FALSE,FALSE,FALSE,FALSE,FALSE,TRUE,FALSE,TRUE,18,Single-player;Multi-player;Co-op;Steam Achievements;Full controller support;Steam Trading Cards;Captions available;Steam Cloud;Stats,Action,Zombies;Action;Open World,35,Mostly Positive,788,401,184,184,200k to 500k,11.99,1189
656240,Heat,2019-01-30,Code}{atch,Code}{atch,FALSE,FALSE,No,FALSE,FALSE,Online + Co-op,TRUE,FALSE,FALSE,FALSE,FALSE,FALSE,FALSE,FALSE,FALSE,TRUE,FALSE,FALSE,0,Multi-player;Online Multi-Player;Co-op;Online Co-op,Action;Adventure;Indie;RPG;Simulation;Early Access,Early Access;Survival;Open World,0,Mixed,617,565,0,0,50k to 100k,15.49,1182
578330,LEGO® City Undercover,2017-04-04,Traveller's Tales,TT Games,FALSE,FALSE,Full,FALSE,TRUE,No multiplayer,TRUE,FALSE,FALSE,FALSE,FALSE,FALSE,FALSE,FALSE,FALSE,TRUE,FALSE,FALSE,0,Single-player;Shared/Split Screen;Steam Achievements;Full controller support;Steam Cloud,Action,LEGO;Open World;Action,48,Mostly Positive,779,327,1868,1868,100k to 200k,24.99,1106
501080,Fishing: Barents Sea,2018-02-07,Misc Games,astragon Entertainment,FALSE,FALSE,Full,FALSE,TRUE,No multiplayer,TRUE,FALSE,FALSE,FALSE,FALSE,FALSE,FALSE,FALSE,FALSE,TRUE,FALSE,FALSE,0,Single-player;Steam Achievements;Full controller support;Steam Trading Cards;Steam Cloud,Simulation,Simulation;Fishing;Open World,30,Mostly Positive,763,300,382,382,50k to 100k,17.99,1063
426790,Grow Up,2016-08-16,"Reflections, a Ubisoft Studio",Ubisoft,FALSE,FALSE,Full,FALSE,TRUE,No multiplayer,TRUE,FALSE,FALSE,FALSE,FALSE,FALSE,FALSE,FALSE,FALSE,TRUE,FALSE,FALSE,0,Single-player;Steam Achievements;Full controller support;Steam Trading Cards;Steam Cloud,Adventure;Casual;Indie,Adventure;Open World;Casual,18,Positive,941,118,323,323,50k to 100k,8.59,1059
551730,Toukiden 2,2017-03-21,"KOEI TECMO GAMES CO., LTD.","KOEI TECMO GAMES CO., LTD.",FALSE,FALSE,No,FALSE,TRUE,Co-op multiplayer,TRUE,FALSE,FALSE,FALSE,FALSE,FALSE,FALSE,FALSE,FALSE,TRUE,FALSE,FALSE,0,Single-player;Co-op;Online Co-op;Steam Achievements;Steam Trading Cards;Partial Controller Support;Steam Cloud,Action,Action;Open World;Hunting,50,Positive,800,206,3315,3315,20k to 50k,49.99,1006
534370,Pure Farming 2018,2018-03-13,Ice Flames,Techland Publishing,FALSE,FALSE,Full,TRUE,TRUE,No multiplayer,TRUE,FALSE,FALSE,FALSE,FALSE,FALSE,FALSE,FALSE,FALSE,TRUE,FALSE,FALSE,0,Single-player;Steam Achievements;Full controller support;Steam Trading Cards;Steam Workshop;Steam Cloud,Simulation,Simulation;Open World;Agriculture,50,Not Enough Reviews,637,309,0,0,50k to 100k,15.49,946
386590,Novus Inceptio,2015-10-05,McMagic Productions s.r.o.,McMagic Productions s.r.o.,FALSE,FALSE,No,FALSE,TRUE,No multiplayer,TRUE,FALSE,FALSE,FALSE,FALSE,FALSE,FALSE,FALSE,FALSE,TRUE,FALSE,FALSE,0,Single-player;Steam Achievements;Steam Trading Cards;Stats;Steam Leaderboards,Adventure;Indie;RPG;Simulation;Early Access,Early Access;Survival;Open World,58,Not Enough Reviews,605,298,654,654,20k to 50k,14.99,903
920690,CardLife: Creative Survival,2019-02-28,Freejam,Freejam,FALSE,FALSE,No,FALSE,TRUE,Online + Co-op,TRUE,FALSE,FALSE,FALSE,FALSE,FALSE,FALSE,FALSE,FALSE,TRUE,FALSE,FALSE,0,Single-player;Multi-player;Online Multi-Player;MMO;Co-op;Online Co-op,Action;Adventure;Indie;Massively Multiplayer;RPG,Survival;Open World;Adventure,0,Not Enough Reviews,555,318,0,0,20k to 50k,11.39,873
312210,The Fifth Day,2014-07-25,Touz,Touz,FALSE,FALSE,No,FALSE,TRUE,Multiplayer (Unspecified),TRUE,FALSE,FALSE,FALSE,FALSE,FALSE,FALSE,FALSE,FALSE,TRUE,TRUE,FALSE,0,Single-player;Multi-player,Action;Adventure;Indie;Early Access,Early Access;Survival;Open World,0,Not Enough Reviews,395,474,42,42,20k to 50k,10.99,869
430210,Megaton Rainfall,2017-11-17,"Pentadimensional Games, SL","Pentadimensional Games, SL",FALSE,FALSE,Full,FALSE,TRUE,No multiplayer,TRUE,FALSE,FALSE,FALSE,FALSE,FALSE,FALSE,FALSE,FALSE,TRUE,FALSE,FALSE,0,Single-player;Full controller support,Violent;Action;Indie,Action;Indie;Open World,14,Not Enough Reviews,633,231,0,0,50k to 100k,11.99,864
352950,Better Late Than DEAD,2016-03-03,Odin Game Studio,Excalibur Publishing,FALSE,FALSE,No,FALSE,TRUE,Multiplayer (Unspecified),TRUE,FALSE,FALSE,FALSE,FALSE,FALSE,FALSE,FALSE,FALSE,TRUE,TRUE,FALSE,0,Single-player;Multi-player,Action;Adventure;Indie,Survival;Open World;Multiplayer,0,Not Enough Reviews,252,595,0,0,20k to 50k,3.99,847
223490,Blockscape,2014-07-03,ioneo,ioneo,FALSE,FALSE,No,FALSE,TRUE,Multiplayer (Unspecified),TRUE,FALSE,FALSE,FALSE,FALSE,FALSE,FALSE,FALSE,FALSE,TRUE,FALSE,FALSE,0,Single-player;Multi-player,Casual;Indie;RPG;Simulation;Strategy;Early Access,Early Access;Sandbox;Open World,0,Not Enough Reviews,343,490,0,0,20k to 50k,6.99,833
2610,GUN™,2006-10-13,Neversoft,Activision,FALSE,FALSE,No,FALSE,TRUE,No multiplayer,TRUE,FALSE,FALSE,FALSE,FALSE,FALSE,FALSE,FALSE,FALSE,TRUE,FALSE,FALSE,0,Single-player,Action,Western;Action;Open World,0,Not Enough Reviews,740,87,462,889,50k to 100k,9.99,827
758330,Shenmue I & II,2018-08-21,D3T,SEGA,FALSE,FALSE,No,FALSE,TRUE,No multiplayer,TRUE,FALSE,FALSE,FALSE,FALSE,FALSE,FALSE,FALSE,FALSE,TRUE,FALSE,FALSE,0,Single-player;Steam Achievements;Partial Controller Support;Steam Cloud,Action;Adventure;RPG,Adventure;Open World;Action,55,Not Enough Reviews,732,65,105,105,20k to 50k,24.99,797
658980,Valnir Rok Survival RPG,2017-09-26,encurio,encurio;Rok Entertainment,FALSE,FALSE,No,FALSE,FALSE,Online only,TRUE,FALSE,FALSE,FALSE,FALSE,FALSE,FALSE,FALSE,FALSE,TRUE,FALSE,FALSE,0,Multi-player;Online Multi-Player;MMO;Steam Achievements,Action;Indie;Massively Multiplayer;RPG;Early Access,Early Access;Survival;Open World,21,Not Enough Reviews,401,260,489,489,20k to 50k,14.99,661
324260,VoidExpanse,2015-04-02,AtomicTorch Studio,AtomicTorch Studio,FALSE,FALSE,No,TRUE,TRUE,Online only,TRUE,FALSE,FALSE,FALSE,FALSE,FALSE,TRUE,FALSE,FALSE,TRUE,TRUE,TRUE,0,Single-player;Multi-player;Online Multi-Player;Cross-Platform Multiplayer;Steam Achievements;Steam Trading Cards;Steam Workshop;Steam Cloud,Action;Indie;RPG;Simulation;Strategy,Space;RPG;Open World,35,Not Enough Reviews,458,189,0,0,50k to 100k,10.99,647
715560,Eastshade,2019-02-13,Eastshade Studios,Eastshade Studios,FALSE,FALSE,Full,FALSE,TRUE,No multiplayer,TRUE,FALSE,FALSE,FALSE,FALSE,FALSE,FALSE,FALSE,FALSE,TRUE,FALSE,FALSE,0,Single-player;Steam Achievements;Full controller support,Adventure;Indie,Exploration;Relaxing;Open World,18,Not Enough Reviews,534,93,0,0,20k to 50k,19.49,627
457760,The Signal From Tölva,2017-04-10,Big Robot Ltd,Big Robot Ltd,FALSE,FALSE,Full,FALSE,TRUE,No multiplayer,TRUE,FALSE,FALSE,FALSE,FALSE,FALSE,FALSE,FALSE,FALSE,TRUE,TRUE,TRUE,0,Single-player;Steam Achievements;Full controller support;Steam Trading Cards;Steam Cloud,Action,Action;Robots;Open World,42,Not Enough Reviews,413,190,0,0,20k to 50k,14.99,603
65730,Take On Helicopters,2011-10-27,Bohemia Interactive,Bohemia Interactive,FALSE,FALSE,No,FALSE,TRUE,Co-op multiplayer,TRUE,FALSE,FALSE,FALSE,FALSE,FALSE,FALSE,FALSE,FALSE,TRUE,FALSE,FALSE,0,Single-player;Multi-player;Co-op;Captions available;Partial Controller Support;Includes level editor,Simulation,Simulation;Flight;Open World,0,Not Enough Reviews,340,260,2,4,200k to 500k,11.99,600
17440,SPORE™ Creepy & Cute Parts Pack,2008-12-19,Maxis™,Electronic Arts,FALSE,FALSE,No,FALSE,TRUE,No multiplayer,TRUE,FALSE,FALSE,FALSE,FALSE,FALSE,FALSE,FALSE,FALSE,TRUE,FALSE,FALSE,0,Single-player,Simulation,Simulation;Adventure;Open World,0,Not Enough Reviews,481,100,171,240,500k to 1M,9.99,581
431650,Phoning Home,2017-02-07,ION LANDS,ION LANDS,FALSE,FALSE,Full,FALSE,TRUE,No multiplayer,TRUE,FALSE,FALSE,FALSE,FALSE,FALSE,FALSE,FALSE,FALSE,TRUE,FALSE,FALSE,0,Single-player;Steam Achievements;Full controller support;Steam Trading Cards;Steam Cloud,Action;Adventure;Indie,Adventure;Survival;Open World,52,Not Enough Reviews,390,158,0,0,20k to 50k,14.99,548
704210,"BLOCK WARRIORS: ""Open World"" Game",2017-09-06,Voltornas Games,Voltornas Games,FALSE,FALSE,No,FALSE,TRUE,No multiplayer,TRUE,FALSE,FALSE,FALSE,FALSE,FALSE,FALSE,FALSE,FALSE,TRUE,FALSE,FALSE,0,Single-player,Action;Adventure;Racing;RPG,Adventure;Action;Open World,0,Not Enough Reviews,273,268,0,0,50k to 100k,1.69,541
299250,European Ship Simulator,2016-11-04,Excalibur,Excalibur Publishing,FALSE,FALSE,No,FALSE,TRUE,No multiplayer,TRUE,FALSE,FALSE,FALSE,FALSE,FALSE,FALSE,FALSE,FALSE,TRUE,TRUE,FALSE,0,Single-player;Steam Achievements;Steam Trading Cards,Simulation,Simulation;Open World;Singleplayer,19,Not Enough Reviews,221,316,0,0,50k to 100k,14.99,537
65600,Gothic 3: Forsaken Gods Enhanced Edition,2011-03-22,Trine Studios;G3 Community Patch Team;Mad Vulture Games,THQ Nordic,FALSE,FALSE,No,FALSE,TRUE,No multiplayer,TRUE,FALSE,FALSE,FALSE,FALSE,FALSE,TRUE,FALSE,FALSE,TRUE,FALSE,FALSE,0,Single-player,RPG,RPG;Open World;Action,0,Not Enough Reviews,247,254,1054,1054,100k to 200k,8.99,501
953580,Tourist Bus Simulator,2018-12-06,TML-Studios;PEDEPE,Aerosoft GmbH,FALSE,FALSE,No,FALSE,TRUE,No multiplayer,TRUE,FALSE,FALSE,FALSE,FALSE,FALSE,FALSE,FALSE,FALSE,TRUE,FALSE,FALSE,0,Single-player;Steam Achievements,Simulation,Simulation;Driving;Open World,6,Not Enough Reviews,283,218,0,0,below 20k,27,501
512300,Unbox: Newbie's Adventure,2016-09-05,Prospect Games,Prospect Games;Merge Games,FALSE,FALSE,Full,FALSE,TRUE,Local only,TRUE,FALSE,FALSE,FALSE,FALSE,FALSE,FALSE,FALSE,FALSE,TRUE,FALSE,FALSE,0,Single-player;Local Multi-Player;Shared/Split Screen;Steam Achievements;Full controller support;Steam Trading Cards;Steam Cloud,Action;Adventure;Indie,Adventure;Open World;3D Platformer,15,Not Enough Reviews,378,83,20,20,50k to 100k,14.99,461
21780,Driver® Parallel Lines,2009-02-13,Ubisoft Reflections,Ubisoft,FALSE,FALSE,No,FALSE,TRUE,No multiplayer,TRUE,FALSE,FALSE,FALSE,FALSE,FALSE,FALSE,FALSE,FALSE,TRUE,FALSE,FALSE,0,Single-player,Racing,Racing;Action;Open World,0,Not Enough Reviews,367,46,0,0,20k to 50k,8.59,413
851080,Survival: Last Day,2018-10-22,BloodMoon Games,BloodMoon Games,FALSE,FALSE,No,FALSE,TRUE,No multiplayer,TRUE,FALSE,FALSE,FALSE,FALSE,FALSE,FALSE,FALSE,FALSE,TRUE,FALSE,FALSE,0,Single-player;Steam Achievements,Action;Adventure;Indie;RPG,Survival;Multiplayer;Open World,9,Not Enough Reviews,159,222,0,0,below 20k,2.89,381
394120,Atom Universe,2017-12-25,Atom Republic,Atom Republic,TRUE,FALSE,Full,FALSE,FALSE,Online only,TRUE,FALSE,FALSE,FALSE,FALSE,FALSE,FALSE,FALSE,FALSE,TRUE,FALSE,FALSE,0,Multi-player;MMO;Cross-Platform Multiplayer;Steam Achievements;Full controller support,Casual;Free to Play;Massively Multiplayer,Free to Play;Open World;Massively Multiplayer,0,Not Enough Reviews,152,226,3,6,100k to 200k,0,378
483770,Autobahn Police Simulator 2,2017-12-07,Z-Software,Aerosoft GmbH,FALSE,FALSE,No,FALSE,TRUE,No multiplayer,TRUE,FALSE,FALSE,FALSE,FALSE,FALSE,FALSE,FALSE,FALSE,TRUE,FALSE,FALSE,0,Single-player;Steam Achievements;Partial Controller Support;Steam Cloud,Simulation,Simulation;Driving;Open World,21,Not Enough Reviews,121,224,175,175,20k to 50k,18.1,345
286140,Eidolon,2014-08-01,Badru;Michael Bell;Zoe Vartanian;Adam Murgittroyd;Meagan Malone;Jeffrey Klinicke;Shadie Hijazi;Jacob Leach;Aron Miller;Isa Hutchinson,Ice Water Games,FALSE,FALSE,No,FALSE,TRUE,No multiplayer,TRUE,FALSE,FALSE,FALSE,FALSE,FALSE,FALSE,FALSE,FALSE,TRUE,TRUE,FALSE,0,Single-player,Adventure;Indie,Exploration;Open World;Survival,0,Not Enough Reviews,207,126,183,183,50k to 100k,11,333
618970,Outcast - Second Contact,2017-11-14,Appeal,Bigben Interactive,FALSE,FALSE,No,FALSE,TRUE,No multiplayer,TRUE,FALSE,FALSE,FALSE,FALSE,FALSE,FALSE,FALSE,FALSE,TRUE,FALSE,FALSE,0,Single-player;Steam Achievements;Steam Trading Cards;Partial Controller Support;Steam Cloud;Stats,Action;Adventure,Adventure;Action;Open World,41,Not Enough Reviews,287,43,0,0,below 20k,29.99,330
33620,Crash Time 3,2009-11-25,Synetic,Kalypso Media Digital,FALSE,FALSE,No,FALSE,TRUE,Multiplayer (Unspecified),TRUE,FALSE,FALSE,FALSE,FALSE,FALSE,FALSE,FALSE,FALSE,TRUE,FALSE,FALSE,0,Single-player;Multi-player,Action;Racing,Racing;Action;Open World,0,Not Enough Reviews,228,64,0,0,20k to 50k,3.99,292
270950,Ski Region Simulator - Gold Edition,2014-01-31,Giants Software,Giants Software,FALSE,FALSE,No,FALSE,TRUE,Multiplayer (Unspecified),TRUE,FALSE,FALSE,FALSE,FALSE,FALSE,FALSE,FALSE,FALSE,TRUE,FALSE,FALSE,0,Single-player;Multi-player;Steam Achievements;Partial Controller Support;Steam Cloud;Includes level editor,Casual;Simulation,Simulation;Casual;Open World,18,Not Enough Reviews,208,70,0,0,20k to 50k,6.19,278
331160,Disney•Pixar Cars,2015-02-24,Beenox,THQ;Disney Interactive,FALSE,FALSE,No,FALSE,TRUE,No multiplayer,TRUE,FALSE,FALSE,FALSE,FALSE,FALSE,FALSE,FALSE,FALSE,TRUE,FALSE,FALSE,0,Single-player;Shared/Split Screen;Partial Controller Support;Steam Cloud,Adventure;Racing,Racing;Adventure;Open World,0,Not Enough Reviews,197,73,0,0,20k to 50k,15.49,270
428190,MadOut Open City,2016-03-29,MadOut Games,MadOut Games,FALSE,FALSE,Full,FALSE,TRUE,No multiplayer,TRUE,FALSE,FALSE,FALSE,FALSE,FALSE,FALSE,FALSE,FALSE,TRUE,TRUE,TRUE,0,Single-player;Shared/Split Screen;Full controller support,Action;Indie;Racing;Simulation;Sports,Racing;Action;Open World,0,Not Enough Reviews,102,153,0,0,20k to 50k,5.59,255
545050,Badiya: Desert Survival,2016-11-11,Semaphore,Semaphore,FALSE,FALSE,Full,FALSE,TRUE,No multiplayer,TRUE,FALSE,FALSE,FALSE,FALSE,FALSE,FALSE,FALSE,FALSE,TRUE,FALSE,FALSE,0,Single-player;Steam Achievements;Full controller support,Action;Adventure;Indie;RPG;Simulation;Early Access,Early Access;Survival;Open World,8,Not Enough Reviews,154,94,0,0,below 20k,15.49,248
559340,Sunset Rangers,2018-03-01,www.fishermangamedev.com,www.fishermangamedev.com,FALSE,FALSE,No,FALSE,FALSE,Online + Co-op,TRUE,FALSE,FALSE,FALSE,FALSE,FALSE,FALSE,FALSE,FALSE,TRUE,FALSE,FALSE,0,Online Multi-Player;Online Co-op,Action;Indie;RPG,Indie;Survival;Open World,45,Not Enough Reviews,123,120,0,0,20k to 50k,7.19,243
12170,Grand Theft Auto,2008-01-04,Rockstar North,Rockstar Games,FALSE,FALSE,No,FALSE,TRUE,No multiplayer,TRUE,FALSE,FALSE,FALSE,FALSE,FALSE,FALSE,FALSE,FALSE,TRUE,FALSE,FALSE,0,Single-player,Action,Action;Classic;Open World,0,Not Enough Reviews,199,30,7,7,500k to 1M,0,229
531660,Exoplanet: First Contact,2016-12-09,Alersteam,GrabTheGames,FALSE,FALSE,No,FALSE,TRUE,No multiplayer,TRUE,FALSE,FALSE,FALSE,FALSE,FALSE,TRUE,FALSE,FALSE,TRUE,FALSE,FALSE,0,Single-player,Violent;Gore;Action;Indie;RPG;Early Access,Early Access;RPG;Open World,0,Not Enough Reviews,180,47,0,0,below 20k,14.99,227
12180,Grand Theft Auto 2,2008-01-04,Rockstar North,Rockstar Games,FALSE,FALSE,No,FALSE,TRUE,No multiplayer,TRUE,FALSE,FALSE,FALSE,FALSE,FALSE,FALSE,FALSE,FALSE,TRUE,FALSE,FALSE,0,Single-player,Action,Action;Classic;Open World,0,Not Enough Reviews,184,17,3,4,500k to 1M,0,201
403980,World Ship Simulator,2016-11-04,Odin Game Studio,Excalibur Publishing,FALSE,FALSE,No,FALSE,TRUE,No multiplayer,TRUE,FALSE,FALSE,FALSE,FALSE,FALSE,FALSE,FALSE,FALSE,TRUE,TRUE,FALSE,0,Single-player,Simulation,Simulation;Open World;Realistic,0,Not Enough Reviews,47,152,0,0,50k to 100k,14.99,199
266190,Astral Terra,2015-11-10,Tethys Interactive LLC,Tethys Interactive LLC,FALSE,FALSE,No,FALSE,TRUE,Online + Co-op,TRUE,FALSE,FALSE,FALSE,FALSE,FALSE,FALSE,FALSE,FALSE,TRUE,FALSE,FALSE,0,Single-player;Multi-player;Online Multi-Player;Co-op,Action;Adventure;Indie;RPG;Early Access,Early Access;Open World;Survival,0,Not Enough Reviews,83,65,0,0,below 20k,7.19,148
588120,Capsa,2017-10-23,db.works;Vetron,Vetron,FALSE,FALSE,Full,FALSE,TRUE,Local + Online,TRUE,FALSE,FALSE,FALSE,FALSE,FALSE,FALSE,FALSE,FALSE,TRUE,FALSE,FALSE,0,Single-player;Multi-player;Online Multi-Player;Local Multi-Player;Steam Achievements;Full controller support;Steam Cloud;Stats;Steam Leaderboards,Casual;Indie;Massively Multiplayer;Simulation;Early Access,Early Access;Open World;Simulation,727,Not Enough Reviews,67,50,0,0,below 20k,0,117
546230,Xenus 2. White gold.,2016-11-30,Deep Shadows,GFI,FALSE,FALSE,No,FALSE,TRUE,No multiplayer,TRUE,FALSE,FALSE,FALSE,FALSE,TRUE,FALSE,FALSE,FALSE,TRUE,FALSE,FALSE,0,Single-player,Action,Action;Open World;FPS,0,Not Enough Reviews,77,30,0,0,below 20k,10.99,107
553520,Trainz Railroad Simulator 2019,2019-01-07,N3V Games,N3V Games,FALSE,FALSE,No,FALSE,TRUE,Co-op multiplayer,TRUE,FALSE,FALSE,FALSE,FALSE,FALSE,FALSE,FALSE,FALSE,TRUE,TRUE,FALSE,0,Single-player;Multi-player;Co-op;Steam Achievements;Includes level editor,Simulation,Simulation;Driving;Open World,23,Not Enough Reviews,39,40,0,0,below 20k,49.99,79
406280,DesertLand 2115,2016-11-18,FutureVisionsGames,FutureVisionsGames,FALSE,FALSE,No,FALSE,FALSE,Online only,TRUE,FALSE,FALSE,FALSE,FALSE,FALSE,FALSE,FALSE,FALSE,TRUE,FALSE,FALSE,0,Multi-player;Online Multi-Player,Action;Indie,Survival;Open World;Action,0,Not Enough Reviews,32,41,0,0,below 20k,3.99,73
541640,Disney Infinity 1.0: Gold Edition,2016-12-09,Avalanche Software;Heavy Iron Studios,Disney Interactive,FALSE,FALSE,No,FALSE,TRUE,No multiplayer,TRUE,FALSE,FALSE,FALSE,FALSE,FALSE,FALSE,FALSE,FALSE,TRUE,FALSE,FALSE,0,Single-player;Partial Controller Support;Steam Cloud,Action;Adventure,Action;Adventure;Open World,0,Not Enough Reviews,51,10,0,0,below 20k,23.79,61
332260,Disney•Pixar Cars Mater-National Championship,2015-02-24,Rainbow Studios,THQ;Disney Interactive,FALSE,FALSE,No,FALSE,TRUE,No multiplayer,TRUE,FALSE,FALSE,FALSE,FALSE,FALSE,FALSE,FALSE,FALSE,TRUE,FALSE,FALSE,0,Single-player;Shared/Split Screen;Partial Controller Support;Steam Cloud,Racing,Racing;Open World;Adventure,0,Not Enough Reviews,51,9,0,0,below 20k,15.49,60
383620,Flight Unlimited Las Vegas,2015-07-08,Flight Systems LLC,Flight Systems LLC,FALSE,FALSE,Full,FALSE,TRUE,No multiplayer,TRUE,FALSE,FALSE,FALSE,FALSE,FALSE,FALSE,FALSE,FALSE,TRUE,TRUE,FALSE,0,Single-player;Full controller support,Racing;Simulation,Simulation;Racing;Open World,0,Not Enough Reviews,6,19,0,0,below 20k,1.99,25
724080,The Ino Chronicles: Ascension,2018-03-29,Chromethean Productions,Chromethean Productions,FALSE,FALSE,No,FALSE,TRUE,No multiplayer,TRUE,FALSE,FALSE,FALSE,FALSE,FALSE,FALSE,FALSE,FALSE,TRUE,FALSE,FALSE,0,Single-player,RPG,Adventure;Retro;Open World,0,Not Enough Reviews,8,2,0,0,below 20k,1.69,10
772600,Fisherones,2018-01-18,Glass Bubble Software,Glass Bubble Software,FALSE,FALSE,No,FALSE,TRUE,No multiplayer,TRUE,FALSE,FALSE,FALSE,FALSE,FALSE,FALSE,FALSE,FALSE,TRUE,FALSE,FALSE,0,Single-player;Steam Achievements;Steam Leaderboards,Action,Action;Atmospheric;Open World,24,Not Enough Reviews,7,3,0,0,below 20k,3.99,10
813920,oldTail,2018-05-03,SeungWoonS,SeungWoonS,FALSE,FALSE,No,FALSE,TRUE,No multiplayer,TRUE,FALSE,FALSE,FALSE,FALSE,FALSE,FALSE,FALSE,FALSE,TRUE,FALSE,FALSE,0,Single-player;Steam Achievements,Action;Indie,Action;Indie;Open World,18,Not Enough Reviews,3,2,0,0,below 20k,3.99,5
